BsmtFinSF1,GarageArea,GarageFinish,GrLivArea,KitchenQual,MasVnrArea,OpenPorchSF,OverallQual,TotalBsmtSF,YearBuilt
48,774,0,3.2619761913978125,0,452.0,108,9,1822,2007
0,308,1,2.951337518795918,1,0.0,0,5,894,1962
713,432,0,2.984077033902831,1,0.0,0,5,876,1921
1218,857,2,3.227629649571009,0,148.0,59,8,1568,2002
0,843,2,3.1878026387184195,0,150.0,81,7,1541,2001
410,400,2,3.0867156639448825,0,0.0,113,7,1221,2004
643,440,1,3.121887985103681,1,101.0,138,6,1088,1965
604,484,0,3.15106325335375,0,0.0,44,7,696,1999
462,297,0,2.9947569445876283,1,0.0,101,4,462,1973
375,440,0,3.0856472882968564,1,0.0,0,6,735,1941
0,397,3,3.219060332448861,0,92.0,128,7,746,2003
20,460,1,3.1341771075767664,0,256.0,28,6,1362,2005
0,442,0,3.2645817292380777,1,351.0,124,6,756,1966
0,451,0,3.1383026981662816,1,0.0,30,6,1367,1954
144,528,0,3.0499928569201424,0,0.0,36,5,924,1948
680,588,0,3.1559430179718366,0,0.0,180,5,1360,1978
0,400,3,3.1631613749770184,0,0.0,24,7,728,2007
611,497,0,3.085290578230065,0,0.0,27,7,1188,1990
0,625,0,3.0170333392987803,1,0.0,0,5,0,1950
294,528,2,3.087781417809542,0,76.0,234,6,612,2009
0,468,0,3.2489536154957075,1,0.0,0,7,952,1931
241,384,0,3.1357685145678222,1,0.0,130,5,861,1900
0,297,1,3.1335389083702174,0,0.0,65,5,803,1938
697,420,2,2.9283958522567137,0,147.0,0,6,848,2004
871,749,3,3.3544926005894364,0,226.0,0,8,1482,2003
836,396,0,3.0863598306747484,1,0.0,0,4,836,1951
0,398,3,3.150449409460881,0,18.0,20,7,1375,2004
319,396,0,3.313445370426414,1,0.0,0,6,735,1917
0,0,1,3.0784568180532927,1,0.0,98,6,901,1920
1158,499,3,3.219846386024361,2,0.0,59,8,1501,2000
0,308,0,3.0051805125037805,1,0.0,22,6,1012,1920
523,672,3,3.4888326343824003,1,0.0,63,7,824,1920
0,672,0,3.2581581933407944,0,0.0,0,5,360,1900
738,650,3,3.2853322276438846,0,0.0,235,7,1057,2001
483,576,0,2.979548374704095,1,0.0,0,5,911,1976
1260,765,1,3.2643455070500926,2,584.0,68,9,1838,2006
728,924,0,3.214843848047698,0,72.0,0,6,1296,1954
1148,672,0,3.059941888061955,1,0.0,0,5,1148,1959
412,280,0,2.9777236052888476,1,0.0,0,5,950,1971
380,471,2,3.281260687055013,0,125.0,81,8,777,1993
300,440,0,3.2135177569963047,1,0.0,38,6,1065,1923
0,440,3,3.1192558892779365,0,0.0,20,7,1316,2007
0,615,2,3.15896526038341,1,571.0,0,6,1442,1970
734,500,3,3.03261876085072,1,0.0,0,5,1078,1971
932,544,2,3.0492180226701815,3,0.0,0,4,1040,1961
353,527,3,3.151982395457474,0,0.0,0,8,408,2002
0,240,0,3.1427022457376155,1,0.0,0,7,651,1946
354,280,2,3.0265332645232967,1,110.0,0,5,1056,1954
1567,874,3,3.2533380053261065,2,562.0,49,9,1792,2003
897,402,0,3.084933574936716,1,116.0,125,6,1216,1998
0,576,0,3.246005904076029,0,0.0,0,7,596,1920
0,434,3,3.2920344359947364,0,0.0,48,7,847,2004
767,546,2,3.082066934285113,1,0.0,42,6,1208,1977
460,315,0,3.182984967003582,1,180.0,0,5,874,1958
735,240,0,3.0622058088197126,0,0.0,96,4,796,1922
0,420,0,3.0203612826477078,1,0.0,27,5,0,1950
0,273,0,2.9474337218870508,1,0.0,20,5,190,1938
943,600,0,2.9745116927373285,1,0.0,0,5,943,1979
400,603,2,3.2474822606770544,0,0.0,108,7,866,2005
0,779,3,3.4148062795010126,0,165.0,30,9,1393,1999
456,275,2,2.959994838328416,1,1.0,0,5,912,1958
0,308,0,2.94546858513182,1,0.0,45,5,0,1956
266,511,3,3.1261314072619846,0,0.0,68,6,1405,1998
1386,850,1,3.31722734917642,2,103.48106712564544,229,10,2076,2006
56,752,2,3.4032921451582543,0,513.0,98,8,1318,1995
569,240,0,3.2474822606770544,0,252.0,0,5,731,1937
1573,538,1,3.210853365314893,0,481.0,0,8,1573,2006
697,389,3,3.3312247810207323,0,472.0,98,6,1444,1958
0,880,0,3.443262987458695,0,0.0,502,10,1237,1893
0,477,3,3.2713768718940743,1,74.0,112,6,585,1984
1400,541,2,3.1832698436828046,0,244.0,36,7,1525,2000
0,722,3,3.1961761850399735,0,80.0,36,8,1571,2007
0,0,1,2.900913067737669,1,0.0,0,5,796,1910
0,432,2,3.375114684692225,1,0.0,287,5,994,1892
0,402,2,3.16790781000148,0,76.0,0,7,384,1991
648,364,0,2.9822712330395684,1,0.0,0,4,648,1965
0,372,3,3.2643455070500926,1,0.0,40,5,732,2005
663,484,2,3.116939646550756,0,99.0,0,6,1040,1974
0,694,3,3.4220971631317103,2,772.0,84,9,2153,2006
0,200,0,3.053462604925455,1,0.0,0,5,676,1941
0,400,0,3.292256071356476,1,360.0,0,5,960,1952
25,336,0,3.058426024457005,1,0.0,88,5,1144,1963
1056,576,0,3.0236639181977933,1,0.0,56,6,1056,1980
0,0,1,2.8407332346118066,3,0.0,20,4,693,1941
1200,576,2,3.1743505974793798,0,0.0,27,6,1479,1997
1373,482,3,3.216429830876251,0,174.0,53,8,1594,2004
390,352,0,2.936513742478893,1,0.0,0,5,864,1972
1078,750,2,3.1947917577219247,0,36.0,168,8,1566,2008
593,497,0,3.144574207609616,1,0.0,116,6,723,1972
152,539,0,3.082066934285113,1,0.0,23,4,780,1925
0,180,0,3.179838928023187,1,0.0,0,5,939,1920
425,560,1,3.1357685145678222,1,0.0,0,6,884,1931
763,386,0,2.9800033715837464,1,0.0,0,5,955,1966
0,210,0,3.0322157032979815,1,0.0,100,3,1007,1922
1056,572,3,3.0236639181977933,1,0.0,0,5,1056,1955
0,615,2,3.1911714557285586,0,0.0,45,7,756,2005
20,865,2,3.2079035303860515,0,240.0,59,7,1614,2005
0,1390,2,3.3100557377508912,2,306.0,90,8,2042,2008
0,326,1,3.030599721965951,1,0.0,0,5,1073,1921
336,240,0,3.1089031276673134,1,0.0,0,5,672,1948
865,550,3,3.325720858019412,1,0.0,42,6,1205,1970
348,0,1,2.781755374652469,1,0.0,0,4,528,1920
179,300,2,3.060697840353612,1,0.0,0,5,1150,1959
0,400,1,3.1631613749770184,0,0.0,24,6,728,2005
867,588,2,2.9995654882259823,2,210.0,76,7,944,1961
0,564,2,3.1760912590556813,0,0.0,35,6,750,2005
841,375,0,3.125806458139527,1,56.0,0,5,1165,1953
759,398,1,3.2022157758011316,1,0.0,75,6,839,2004
936,836,3,3.3392526340327,2,154.0,102,9,1104,2008
0,573,3,3.1931245983544616,0,0.0,150,7,1560,2003
386,312,0,3.215901813204032,0,224.0,0,5,728,1942
515,286,0,2.7993405494535817,0,0.0,0,4,630,1970
751,504,2,3.0464951643347082,1,174.0,30,6,1143,1976
0,947,2,3.336859820916809,0,350.0,62,7,1063,2006
0,384,0,3.1290450598879582,1,0.0,24,4,560,1910
64,550,3,3.416640507338281,2,0.0,364,8,1184,2007
0,936,3,3.291812687467119,0,0.0,210,7,1026,2005
0,898,3,3.166726055580052,0,72.0,150,8,1468,2008
0,539,0,3.2390490931401916,0,0.0,0,5,0,1977
352,240,0,3.0791812460476247,1,0.0,0,5,768,1946
812,438,3,3.1903316981702914,0,100.0,168,7,1092,2006
0,440,0,3.3483048630481607,1,0.0,188,4,795,1912
0,240,0,3.214578953570499,1,0.0,0,6,1064,1936
521,624,1,2.936513742478893,1,0.0,0,5,864,1958
213,440,1,3.209783014848515,0,0.0,45,7,1208,1984
162,264,0,2.9943171526696366,0,510.0,0,6,483,1972
965,628,2,3.401228167498113,0,293.0,27,7,1210,1989
765,440,0,3.1351326513767748,1,312.0,36,5,765,1970
0,779,0,3.359835482339888,0,0.0,0,8,1128,2002
0,840,2,3.4143046881283317,0,370.0,154,9,1249,2006
288,352,0,2.957607287060095,1,0.0,0,4,907,1957
566,440,1,3.1631613749770184,1,0.0,0,6,855,1976
803,540,1,3.0755469613925306,1,120.0,18,5,1106,1962
322,684,0,2.9334872878487053,1,0.0,0,4,858,1971
1880,516,3,3.3469394626989906,1,1115.0,0,7,2223,1973
0,672,0,3.002166061756508,3,0.0,0,4,1005,1955
0,409,3,3.2776092143040914,0,0.0,46,7,712,1994
906,384,0,3.0170333392987803,1,0.0,0,5,1040,1965
697,461,0,3.1017470739463664,1,324.0,0,5,1268,1960
0,578,3,3.245759355967277,0,0.0,105,7,874,2007
539,888,0,3.0145205387579237,1,335.0,0,6,1012,1976
226,439,0,3.1344958558346736,1,0.0,0,7,1385,1954
0,480,0,3.227629649571009,1,0.0,0,6,1436,1956
1696,839,3,3.3248994970523134,0,660.0,46,8,2109,1995
788,544,2,3.196728722623287,0,110.0,72,7,1573,2002
2188,820,3,3.3736474722092176,2,760.0,67,9,2330,2009
739,645,2,3.308350948586726,0,573.0,36,7,1057,1997
1003,431,0,3.1109262422664203,0,0.0,0,6,1291,1996
696,0,1,2.9334872878487053,1,0.0,0,5,858,1958
204,280,0,3.09968064110925,1,0.0,0,6,560,1939
290,246,0,2.6414741105040997,3,0.0,0,2,290,1920
209,440,3,3.146128035678238,1,203.0,0,6,672,1978
0,240,0,2.979548374704095,3,0.0,0,5,920,1938
564,645,2,3.1598678470925665,1,115.0,0,6,1127,1964
459,525,1,3.030194785356751,1,80.0,28,6,547,2005
0,0,1,3.2211533219547053,1,0.0,0,5,0,1965
0,441,0,3.329194415088451,0,0.0,60,6,844,1916
428,380,0,3.5043349118024643,1,0.0,0,8,965,1934
0,0,1,3.2610248339923973,1,0.0,0,6,912,1971
742,422,3,3.244524511570084,1,42.0,122,6,872,1996
595,576,0,2.959994838328416,0,300.0,240,5,912,1965
783,600,2,3.17868923977559,0,219.0,0,6,1461,1988
264,216,0,3.2062860444124324,0,0.0,16,6,976,1925
28,397,3,3.1192558892779365,0,0.0,0,6,1316,2005
489,450,0,3.0064660422492318,1,0.0,0,5,768,1925
312,240,0,3.0546130545568877,1,0.0,0,5,756,1940
63,865,2,3.2137832993353044,0,208.0,60,8,1623,2006
0,400,3,3.12057393120585,0,0.0,48,7,660,2003
249,538,3,3.327563260187278,1,0.0,0,5,1013,1967
776,525,2,3.0523090996473234,1,148.0,20,5,1120,1963
860,756,0,3.115943176939055,1,0.0,0,5,992,1957
0,0,1,3.1283992687178066,1,0.0,0,4,546,1970
0,704,0,3.4072208929273966,1,0.0,48,7,718,1890
220,576,0,2.9508514588885464,0,0.0,0,5,845,1949
0,668,3,3.286231854028553,0,74.0,18,6,894,2007
356,264,0,3.0856472882968564,1,285.0,28,6,672,1973
0,534,2,3.2942457161381182,1,0.0,0,7,808,1977
1079,556,2,3.3201462861110542,0,438.0,65,8,1220,1995
998,487,0,3.171433900943008,1,0.0,0,5,1484,1971
0,506,0,3.219060332448861,1,564.0,211,5,1656,1973
468,210,0,3.087781417809542,1,0.0,0,6,818,1926
695,390,2,3.3126004392612596,0,40.0,48,6,992,2000
0,576,0,2.931457870689005,1,0.0,112,7,832,1929
334,286,2,3.0382226383687185,1,0.0,96,4,546,1973
196,252,0,3.1031192535457137,0,0.0,0,5,1268,1977
385,550,2,3.2203696324513946,0,0.0,61,7,799,1996
370,502,3,3.22219604630172,0,171.0,262,8,1657,2003
994,508,3,3.1740598077250253,0,215.0,39,6,1478,1997
0,306,0,2.9694159123539814,0,0.0,0,6,932,1950
778,526,0,3.1061908972634154,1,0.0,0,7,1277,1970
1300,630,3,3.184691430817599,0,0.0,36,7,1530,2004
457,484,0,3.1283992687178066,1,0.0,28,5,1024,1958
672,528,0,2.934498451243568,1,0.0,0,5,840,1982
904,626,1,3.118595365223762,0,166.0,62,7,1314,2007
464,868,2,3.29269900304393,0,0.0,90,7,1391,2006
724,388,3,3.173186268412274,0,0.0,75,7,788,2004
662,420,1,2.9283958522567137,0,169.0,0,6,848,2004
0,240,0,2.8273692730538253,1,0.0,0,5,672,1940
275,252,2,3.369215857410143,0,0.0,60,7,1152,1941
0,180,0,3.219060332448861,1,0.0,0,5,660,1916
626,484,3,3.1699681739968923,0,138.0,32,7,725,1972
0,740,2,3.0884904701823963,0,0.0,36,7,1226,2009
568,444,3,3.3195224490654542,0,157.0,168,6,832,1966
941,576,0,3.0637085593914173,0,0.0,50,6,1158,2004
740,480,2,3.0622058088197126,1,200.0,58,5,1154,1966
0,527,3,3.236537261488694,0,0.0,155,7,880,1998
219,431,3,3.2195845262142546,1,0.0,84,6,773,1995
0,520,3,3.0515383905153275,0,0.0,96,4,0,1949
0,300,0,3.1439511164239633,1,0.0,0,5,816,1955
192,1014,1,3.5374412834079476,0,632.0,12,8,728,1935
309,264,0,2.9943171526696366,1,408.0,0,6,483,1973
351,0,1,3.1319392952104246,1,0.0,0,5,644,1940
425,505,2,3.3157604906657347,0,0.0,0,7,585,1960
549,440,0,3.1763806922432702,1,360.0,0,7,744,1999
1350,908,2,3.295786940251609,0,304.0,63,8,1976,2006
33,758,2,3.193958978019187,0,468.0,99,8,1563,2007
0,288,0,3.0457140589408676,1,0.0,0,7,572,1926
0,270,2,3.17666993266815,1,0.0,0,7,776,1931
0,452,0,3.238798562713917,1,0.0,0,3,0,1955
1410,706,3,3.4358443659844413,2,870.0,0,9,1848,2005
231,264,0,3.114610984232173,1,268.0,0,5,630,1972
1258,586,3,3.182984967003582,0,0.0,0,7,1332,1979
0,680,3,3.2008504980910772,1,0.0,59,4,0,1959
0,430,0,3.0511525224473814,1,0.0,64,5,1125,2006
0,480,2,3.0791812460476247,0,0.0,166,7,600,2005
0,520,2,3.214843848047698,0,0.0,45,6,798,2004
1000,525,2,3.327767489902729,0,448.0,132,7,1223,1994
680,240,0,2.9876662649262746,1,0.0,0,6,972,1948
584,466,2,3.305351369446624,0,0.0,155,8,1128,1995
739,596,0,3.058426024457005,1,0.0,0,5,1144,1956
300,288,0,3.130976691605617,0,120.0,0,5,1062,1958
234,484,0,3.1192558892779365,1,0.0,0,5,926,1929
956,592,2,3.284205067701794,0,530.0,75,8,1086,1998
1040,240,0,3.06595298031387,1,0.0,48,5,1164,1950
852,840,0,2.9786369483844743,1,0.0,0,5,952,1951
259,0,1,3.3725438007590705,1,0.0,54,8,684,1872
808,540,3,3.225309281725863,0,260.0,44,6,880,1988
0,672,0,3.2814878879400813,1,0.0,25,6,482,1905
578,480,3,3.0017337128090005,1,180.0,0,6,1004,1970
384,305,0,3.089905111439398,1,0.0,57,4,747,1946
645,495,0,3.0670708560453703,1,0.0,0,5,915,1920
405,440,0,3.1142772965615864,3,0.0,0,5,1145,1924
1082,445,2,3.1622656142980214,0,0.0,80,7,1453,1986
1358,670,2,3.2043913319193,0,479.0,0,8,1581,2001
0,825,1,3.2008504980910772,0,410.0,45,8,1588,2006
513,264,1,3.0394141191761372,1,105.0,0,6,588,1958
915,368,0,3.0211892990699383,1,0.0,319,5,1050,1961
520,432,3,2.9822712330395684,1,48.0,0,4,960,1965
0,280,0,3.1631613749770184,1,0.0,0,5,810,1948
0,462,2,3.1728946977521764,0,0.0,0,6,1489,1968
1126,786,1,3.237040791379191,2,205.0,138,7,1726,2007
0,484,0,3.3184807251745174,0,0.0,238,7,1362,2003
1053,484,3,3.126780577012009,1,54.0,58,7,1309,1990
781,1069,3,3.3891660843645326,0,731.0,126,8,1284,1998
0,660,3,3.2702128548962426,0,0.0,17,7,879,2006
656,396,0,2.885361220031512,1,0.0,0,5,768,1972
0,0,1,2.5237464668115646,3,0.0,0,1,0,1946
892,384,1,3.055378331375,1,0.0,0,6,1136,1965
1201,405,3,3.1261314072619846,1,443.0,199,6,1237,1998
312,288,0,2.959994838328416,1,0.0,0,5,912,1964
540,264,2,3.2581581933407944,1,288.0,168,5,864,1962
378,240,1,3.3408405498123317,0,0.0,24,5,720,1939
0,0,1,3.073351702386901,1,0.0,151,5,658,1910
0,308,0,3.2762319579218335,1,0.0,0,7,925,1910
405,624,0,3.1228709228644354,0,0.0,0,5,1063,1959
588,576,3,3.1528995963937474,0,210.0,0,6,1422,1981
0,576,0,3.2127201544178425,1,0.0,0,5,1632,1967
0,451,0,3.2121876044039577,0,171.0,234,7,1630,2000
0,0,1,3.1835545336188615,3,0.0,0,3,1013,1915
0,420,0,3.0170333392987803,1,0.0,0,4,0,1949
0,216,0,3.2166935991697545,3,0.0,66,6,806,1915
622,576,0,3.296884475538547,0,0.0,44,4,1122,1928
1285,418,3,3.215901813204032,1,238.0,0,6,1416,1953
0,868,3,3.410608542568368,2,270.0,148,8,1482,2007
0,520,0,3.2610248339923973,1,0.0,0,6,764,1919
624,520,2,3.130333768495006,1,259.0,0,6,1248,1964
958,440,2,2.9813655090785445,1,0.0,60,6,958,1976
0,370,0,3.2667019668840878,0,0.0,0,6,833,1923
1116,490,0,3.2095150145426308,1,0.0,78,4,1281,1976
560,400,2,3.0670708560453703,0,106.0,26,6,1158,1992
94,220,0,3.172310968521954,1,0.0,140,6,735,1945
432,288,2,2.950364854376123,1,60.0,0,5,892,1967
510,240,0,2.905256048748451,0,294.0,0,5,788,1940
0,0,1,3.0569048513364727,1,0.0,56,5,1140,2006
400,483,2,3.2543063323312857,1,415.0,50,6,780,1963
156,551,3,3.307496037913213,0,298.0,224,6,848,1976
765,812,1,3.3025473724874854,2,160.0,52,10,1017,2008
0,216,0,2.8394780473741985,2,0.0,20,5,691,1920
0,676,2,3.2013971243204513,0,0.0,30,8,768,2008
444,325,0,3.268343913951065,1,0.0,0,6,994,1954
0,442,3,3.256236533205923,0,0.0,60,7,994,1999
550,543,1,3.2474822606770544,0,252.0,63,7,884,2003
1387,807,3,3.5595475555804343,0,1378.0,76,10,1930,1995
1258,403,1,3.1132746924643504,0,85.0,26,6,1298,1985
1247,484,3,3.2555137128195333,1,0.0,54,7,1501,1959
553,0,1,2.7993405494535817,2,0.0,0,5,630,1970
397,440,1,3.0425755124401905,0,0.0,120,6,1103,1925
0,384,2,3.0711452904510828,1,0.0,0,4,859,1900
197,440,0,3.077731179652392,1,0.0,0,4,1196,1916
0,529,3,3.137354111370733,0,0.0,140,7,1372,2007
371,296,2,3.1556396337597765,1,305.0,110,6,1099,1962
0,626,2,3.1528995963937474,0,106.0,60,7,1422,2004
985,501,3,3.2907022432878543,0,0.0,231,6,1580,1992
0,440,2,3.049605612594973,1,0.0,64,4,1121,2003
0,852,1,3.3932241163612975,0,344.0,151,8,1143,2004
417,576,3,3.024074987307426,1,0.0,0,5,1057,1962
1097,602,3,3.0453229787866576,0,104.0,30,5,1097,1978
524,671,3,3.3560258571931225,0,348.0,57,8,1152,1999
0,746,3,3.3049211619008916,2,0.0,76,9,2002,2008
438,440,3,3.141763230275788,1,328.0,0,6,672,1978
0,1043,2,3.2907022432878543,0,0.0,50,8,1082,2005
733,462,2,3.1261314072619846,0,0.0,0,8,1337,1993
0,648,3,3.358886204405869,0,72.0,56,8,969,2000
1288,826,2,3.2350231594952237,0,336.0,44,8,1705,2007
516,484,2,3.035829825252828,1,1047.0,0,5,1024,1966
0,660,3,3.1917303933628562,0,130.0,20,7,1373,2007
1406,567,3,3.279210512601395,2,0.0,207,7,1902,1959
1216,693,3,3.400365273349939,1,0.0,0,7,1216,1990
1086,528,0,3.087781417809542,1,275.0,0,5,1086,1979
602,460,0,3.022840610876528,1,0.0,0,6,1054,1969
854,676,3,3.4169731726030363,0,975.0,0,8,1225,1998
599,288,0,2.9552065375419416,1,75.0,0,5,876,1967
692,484,2,3.3716219271760215,2,278.0,195,7,845,1980
378,299,3,3.1436392352745433,1,153.0,36,6,689,1977
899,576,0,3.062581984228163,0,0.0,0,5,1109,1961
180,240,0,3.2796669440484556,1,0.0,0,5,1208,1950
0,208,2,3.0637085593914173,1,0.0,0,6,862,1929
0,502,3,3.1341771075767664,1,0.0,0,6,611,1920
0,429,3,3.3600250891893975,0,302.0,0,7,975,1999
0,250,0,3.119585774961784,1,0.0,54,4,649,1920
1004,928,1,3.2390490931401916,2,328.0,0,8,1734,2007
0,312,2,3.0770043267933502,1,220.0,0,6,1194,1959
0,720,0,3.15106325335375,1,0.0,0,5,876,1915
1064,354,1,3.1408221801093106,1,0.0,116,5,1383,1954
284,871,0,3.3014640731433,1,0.0,0,5,1001,1949
0,474,1,3.1749315935284423,0,140.0,130,8,1496,2007
408,660,0,3.2052043639481447,1,0.0,68,5,984,1941
0,504,0,2.8830933585756897,1,0.0,0,5,680,1925
0,476,3,3.2385478876813276,0,336.0,46,6,741,1985
0,840,2,3.1743505974793798,0,306.0,33,7,1494,2006
0,180,0,2.993876914941211,1,0.0,128,6,960,1926
16,397,3,3.0588054866759067,0,11.0,16,7,1145,2005
0,0,1,3.171433900943008,1,0.0,291,6,742,1914
111,525,2,3.1283992687178066,0,541.0,118,6,819,1958
0,686,0,3.187238619831479,0,0.0,78,5,650,1904
0,656,3,3.398634324538392,2,245.0,39,9,1122,2005
0,528,0,2.873320601815399,1,108.0,0,4,600,1926
975,583,2,3.3215984304653436,0,0.0,170,7,1108,1998
2260,884,3,3.6698745024898023,2,762.0,406,10,3138,2007
0,624,0,3.0704073217401198,1,0.0,0,6,698,1937
495,0,1,2.8573324964312685,1,0.0,523,4,720,1920
0,830,2,3.1986570869544226,0,186.0,24,8,1580,2007
1440,0,1,3.1583624920952498,1,0.0,0,4,1440,1977
193,540,3,3.1690863574870227,0,0.0,35,6,738,2005
20,570,2,3.1760912590556813,0,210.0,36,7,1500,2004
0,216,0,3.129689892199301,1,0.0,0,5,884,1925
661,884,0,3.0791812460476247,0,166.0,64,5,864,1965
609,514,2,3.144262773761991,1,247.0,76,6,1394,1963
400,484,0,3.2127201544178425,0,252.0,40,6,800,1966
842,336,0,2.959994838328416,1,0.0,0,5,912,1967
1128,864,0,3.4189638307036225,1,0.0,0,6,1370,1918
0,349,1,3.229425847920695,1,0.0,30,5,1140,1962
0,440,0,3.089905111439398,1,0.0,0,5,440,1910
297,440,0,3.43568513794163,0,0.0,74,8,853,1932
0,429,2,3.1631613749770184,1,0.0,0,6,728,2006
375,660,0,2.936513742478893,0,0.0,0,4,864,1970
0,380,0,3.232742062720737,0,50.0,40,6,970,2004
643,528,3,3.2214142378423385,0,0.0,45,8,810,2001
987,656,2,3.422589839851482,0,256.0,60,7,1347,1993
0,595,2,3.214843848047698,0,0.0,45,7,798,2003
440,420,0,3.230193378869046,1,0.0,74,3,978,1900
1116,529,1,3.2208922492195193,0,0.0,137,4,1364,1954
1332,504,0,3.2375437381428744,1,336.0,0,5,1728,1963
0,462,2,3.265996370495079,0,0.0,104,6,1055,1992
536,440,2,3.267406418752904,0,340.0,42,6,822,1964
0,776,2,3.1728946977521764,0,0.0,140,8,1489,2006
612,300,0,2.936513742478893,1,0.0,0,6,864,1959
830,276,3,3.0989896394011773,1,0.0,68,5,1256,1965
816,816,3,2.9116901587538613,1,0.0,0,5,816,1982
454,492,0,3.2600713879850747,0,288.0,84,7,864,1965
48,833,2,3.327767489902729,0,0.0,192,7,1104,1991
0,461,0,3.0273496077747564,1,66.0,0,5,1065,1960
0,312,0,3.0791812460476247,1,0.0,0,6,1200,1923
686,632,2,3.082066934285113,0,24.0,61,7,1187,2006
0,642,3,3.394801777162711,0,245.0,39,8,1094,2005
919,527,3,3.2355284469075487,0,338.0,56,7,1720,1996
116,0,1,2.9242792860618816,1,0.0,0,5,672,1930
1200,496,1,3.1119342763326814,0,88.0,51,6,1278,1991
980,450,3,3.037426497940624,1,0.0,49,5,1090,2005
0,420,3,3.3546845539547285,0,650.0,123,8,1141,1998
716,440,0,2.986323777050765,1,0.0,0,5,969,1975
0,1248,2,2.951337518795918,1,0.0,20,3,894,1935
0,360,0,3.011993114659257,1,0.0,0,5,1008,1927
484,492,0,3.291812687467119,1,423.0,0,6,979,1946
0,895,2,3.254064452914338,0,428.0,49,8,1795,2006
1646,606,3,3.287801729930226,2,450.0,95,9,1930,2009
1084,439,0,3.0711452904510828,0,0.0,0,5,1176,1973
156,400,0,3.170848203643309,3,0.0,0,6,672,1925
0,554,2,3.1547282074401557,2,256.0,60,7,1417,2008
460,338,0,2.936513742478893,1,0.0,0,5,864,1972
236,200,0,3.0457140589408676,1,0.0,0,5,616,1941
310,420,3,3.167317334748176,1,68.0,63,6,680,1993
0,440,0,3.04766419460156,1,261.0,0,6,1116,1962
414,288,0,2.936513742478893,0,207.0,0,6,864,1959
1213,498,3,3.11293997608408,1,650.0,0,5,1297,1954
607,264,0,3.0464951643347082,0,0.0,80,5,1113,1950
679,577,2,3.1763806922432702,0,183.0,29,7,1490,1999
24,614,0,3.1894903136993675,0,0.0,45,7,756,2009
222,678,2,3.2893659515200318,0,0.0,136,7,991,2004
0,908,2,3.2347702951609163,0,250.0,39,8,1709,2006
504,440,0,3.02201573981772,1,80.0,0,6,1010,1971
862,455,0,3.3038437748886547,1,0.0,130,7,1117,1996
0,388,3,3.1024337056813365,0,16.0,16,7,1266,2007
240,716,3,3.4575791469957626,2,208.0,108,9,1992,2005
300,554,3,3.3533390953113047,0,0.0,54,7,952,2000
24,494,2,3.150449409460881,0,98.0,105,7,1414,2004
814,471,1,3.2357808703275603,0,105.0,87,6,928,1994
550,434,2,3.1908917169221698,1,0.0,208,6,713,1975
0,528,2,3.0523090996473234,1,0.0,0,4,698,1920
522,358,3,3.0484418035504044,1,0.0,0,6,1096,1977
936,574,0,3.2375437381428744,1,0.0,0,6,1728,1976
1361,711,2,3.3888114134735234,0,528.0,76,8,1629,1994
1324,452,0,3.168202746842631,2,0.0,48,5,1437,1968
902,400,2,3.2347702951609163,0,117.0,36,7,1156,1990
655,400,3,3.0666985504229953,0,182.0,0,7,856,2005
24,484,2,3.1367205671564067,0,178.0,49,8,1370,2006
528,480,2,3.236537261488694,1,359.0,0,6,1680,1967
0,380,0,3.232742062720737,0,50.0,40,7,970,2004
358,264,0,2.9943171526696366,1,604.0,0,6,483,1971
352,216,0,3.255754786643044,1,0.0,0,7,793,1920
503,360,0,3.370142847051102,1,0.0,0,6,952,1932
663,264,2,3.0285712526925375,1,0.0,0,6,1059,1963
165,533,1,3.208710019906401,0,0.0,69,6,1604,1993
777,336,0,3.0948203803548,1,0.0,40,6,1244,1957
0,252,0,3.0718820073061255,3,0.0,0,4,700,1922
0,480,2,3.0874264570362855,0,0.0,166,7,600,2005
625,612,0,3.2268575702887237,1,157.0,131,6,1686,1980
1513,800,2,3.216429830876251,0,338.0,44,8,1638,2007
594,264,2,3.058426024457005,1,0.0,0,5,864,1961
0,639,1,3.2545480771089736,0,0.0,53,7,939,2006
0,462,0,3.087781417809542,1,0.0,0,4,0,1962
735,839,1,3.2706788361447066,0,0.0,184,7,992,2000
846,308,2,3.0236639181977933,1,0.0,0,5,1056,1958
0,820,3,3.496929648073215,2,860.0,78,9,1926,2008
506,492,0,3.0835026198302673,1,46.0,12,6,506,1977
1369,636,2,3.228913405994688,0,186.0,57,8,1686,2004
714,413,3,3.1792644643390253,1,0.0,75,6,802,1997
731,246,0,3.024074987307426,0,0.0,52,5,1057,1953
0,560,0,3.359835482339888,1,0.0,0,4,777,1885
1002,786,0,3.339053735709139,0,178.0,0,7,1204,1988
1470,594,0,3.5081255360831993,0,0.0,0,7,1673,1990
0,512,2,3.2345172835126865,0,0.0,120,7,880,1996
251,457,0,3.1277525158329733,1,0.0,0,6,1372,1967
16,437,3,3.1772478362556233,0,14.0,20,7,1346,2005
0,648,2,3.29928933408768,0,768.0,45,8,1053,2003
510,462,1,3.097604328874411,0,212.0,48,7,600,1999
588,264,0,2.9995654882259823,0,0.0,132,5,999,1962
0,528,0,3.1344958558346736,1,0.0,0,4,622,1910
312,490,2,3.0663259253620376,1,183.0,129,6,1127,1966
1059,702,1,3.22219604630172,0,215.0,45,9,1626,2002
0,853,2,3.375846436309156,0,380.0,154,8,1158,2005
0,352,0,3.1583624920952498,1,0.0,0,5,540,1900
182,388,3,3.167317334748176,1,0.0,75,6,794,1997
1201,532,1,3.1878026387184195,0,226.0,70,7,1541,2005
133,0,1,3.1583624920952498,3,270.0,0,4,1440,1955
786,438,1,3.059184617631371,0,442.0,22,7,868,2003
437,481,3,3.1743505974793798,2,0.0,30,8,1494,1995
1170,738,3,3.34713478291002,2,216.0,0,9,1462,2004
0,186,0,3.1280760126687155,1,0.0,0,5,731,1921
281,683,3,3.3895204658463776,0,0.0,50,8,1028,1998
442,540,2,3.2960066693136723,1,272.0,52,6,816,1964
495,504,2,3.247236549506764,0,0.0,35,7,1064,1987
863,550,3,3.121887985103681,0,176.0,38,8,1324,2006
0,330,0,3.163757523981956,1,0.0,0,6,912,1948
24,440,2,3.118595365223762,0,0.0,22,6,1314,2006
430,529,2,3.197280558125619,0,0.0,0,6,1575,1992
1022,912,3,3.2095150145426308,2,70.0,0,9,1620,2007
0,304,0,3.2523675144598987,1,0.0,0,4,1104,1957
187,240,0,2.960470777534299,1,0.0,0,6,814,1966
790,500,0,3.3165993020938607,1,119.0,0,6,1542,1978
0,492,0,3.1586639808139894,0,456.0,0,8,776,1999
0,225,1,3.2278867046136734,1,0.0,0,7,815,1916
988,576,0,3.157456768134226,1,0.0,0,5,1188,1956
297,508,2,3.3336487565147013,1,0.0,80,7,1568,1968
468,0,1,2.936513742478893,1,0.0,0,5,864,1925
129,336,0,3.0461047872460387,1,0.0,0,5,536,1976
700,746,2,3.350829273582968,0,246.0,44,7,700,1990
0,210,0,3.1231980750319988,1,0.0,172,4,686,1925
0,216,0,2.9858753573083936,1,0.0,0,4,656,1927
0,384,0,3.144885418287142,1,0.0,0,6,698,1915
1445,834,3,3.268577971882843,2,350.0,0,9,1856,2010
1288,789,3,3.3346547668832414,2,300.0,120,8,1582,2007
1246,529,3,3.204662511748219,0,126.0,0,6,1602,1977
0,280,0,3.114610984232173,1,142.0,0,5,630,1971
457,393,3,3.17868923977559,0,0.0,75,6,783,2002
737,352,1,2.959994838328416,1,0.0,0,5,912,1962
399,420,1,3.2211533219547053,1,0.0,24,6,1004,1947
423,576,0,3.228913405994688,1,0.0,0,6,1181,1925
0,220,0,2.873320601815399,1,0.0,0,4,747,1945
0,420,0,3.0170333392987803,1,0.0,29,4,0,1950
0,493,2,3.220108088040055,0,95.0,68,7,831,2002
218,308,0,3.2281436075977417,0,0.0,0,5,1026,1924
398,720,2,2.936513742478893,0,0.0,0,5,864,1950
623,264,0,2.876217840591642,1,0.0,0,6,744,1984
361,564,2,3.2533380053261065,0,172.0,96,7,963,2001
0,474,2,3.2111205412580492,0,106.0,27,7,764,2003
428,472,2,3.171433900943008,2,32.0,33,8,1476,2006
0,870,0,3.5431985856376467,0,0.0,0,7,1470,1880
1572,840,3,3.218010042984363,2,300.0,102,9,1652,2006
0,350,0,3.1058506743851435,1,0.0,0,5,1276,1958
120,271,0,3.22219604630172,1,0.0,0,6,856,1950
0,0,1,3.076276255404218,1,0.0,0,4,720,1949
747,504,2,2.946452265013073,0,0.0,0,5,840,1983
1065,454,1,3.3142886609474975,1,128.0,55,7,1157,1988
0,392,1,2.9175055095525466,1,0.0,0,5,0,1955
0,532,0,3.305136318943639,0,0.0,135,7,728,1910
0,336,3,3.1152775913959014,1,0.0,24,5,264,1976
0,216,0,3.1360860973840974,1,0.0,158,6,684,1910
0,379,0,3.205475036740891,1,0.0,0,3,840,1915
1436,900,3,3.305351369446624,2,305.0,54,10,2006,2009
0,528,2,3.0969100130080562,0,0.0,54,7,625,2006
1456,757,2,3.2105860249051563,0,0.0,114,8,1624,1994
565,360,0,2.926856708949692,1,0.0,0,4,845,1982
1071,418,2,3.1427022457376155,1,0.0,38,5,1389,1974
0,480,0,2.9858753573083936,1,0.0,0,5,968,1923
0,286,0,3.0382226383687185,1,80.0,0,4,546,1970
685,420,3,2.9283958522567137,0,170.0,0,6,848,2003
374,308,0,3.103461622094705,1,0.0,0,5,1269,1960
170,288,0,3.0382226383687185,1,116.0,20,5,1092,1962
795,539,3,3.3546845539547285,0,34.0,250,7,795,1977
228,283,0,2.9786369483844743,1,0.0,0,4,952,1956
0,0,1,3.161966616364075,1,0.0,0,4,736,1920
841,504,0,3.016615547557177,1,0.0,0,5,1039,1965
866,412,1,3.0806264869218056,1,320.0,247,6,1204,1998
422,672,1,3.048053173115609,1,0.0,0,6,1029,1976
485,701,2,3.3416323357780544,0,234.0,70,7,2158,1990
595,328,0,2.9934362304976116,1,220.0,0,5,985,1977
1124,880,1,3.2119210843085093,0,296.0,0,8,3206,2003
0,216,0,3.1693804953119495,1,0.0,50,7,861,1928
560,484,0,2.9912260756924947,1,153.0,0,5,980,1977
728,590,2,3.36078268987328,0,0.0,40,7,1095,1992
0,180,0,3.17666993266815,0,0.0,0,6,602,1923
0,432,0,3.342620042553348,0,0.0,236,6,697,1966
789,836,3,3.3176455432211585,2,100.0,102,8,1034,2007
0,0,1,2.9030899869919438,3,0.0,0,2,264,1936
0,840,1,3.1981069988734014,2,194.0,36,8,1573,2008
1336,774,3,3.2860071220794747,2,426.0,66,8,1932,2008
666,404,0,3.1781132523146316,1,0.0,0,5,1075,1960
450,280,0,2.9542425094393248,1,31.0,0,5,882,1967
1172,786,3,3.2350231594952237,2,230.0,48,10,1700,2006
0,240,0,3.2430380486862944,2,0.0,0,5,636,1880
719,834,3,3.37984917876283,0,594.0,60,7,1379,1996
0,680,3,3.2940250940953226,2,84.0,75,8,774,2009
810,532,2,3.186391215695493,0,113.0,74,7,1536,2002
203,200,0,2.936513742478893,1,0.0,0,3,864,1914
1231,546,1,3.5089335260500327,0,0.0,75,8,3200,1992
1351,670,2,3.3322364154914434,0,0.0,43,7,1434,2003
0,864,0,3.4216039268698313,0,0.0,0,7,1240,1880
0,530,0,3.2258259914618934,1,288.0,0,7,1304,1970
0,878,2,3.3218054838575393,2,178.0,52,8,1030,2005
553,360,0,2.936513742478893,1,0.0,0,5,864,1965
562,530,2,3.2940250940953226,1,232.0,189,5,784,1969
338,480,0,3.0402066275747113,1,0.0,0,6,1040,1984
0,528,0,3.077731179652392,0,0.0,46,6,684,1920
57,451,0,3.2833012287035497,0,0.0,0,5,1052,1958
231,576,0,3.2375437381428744,1,108.0,0,5,1728,1965
804,577,1,3.307709923404807,0,103.48106712564544,211,8,1128,2002
616,297,2,3.077731179652392,1,74.0,44,6,1196,1956
116,360,0,2.904715545278681,1,0.0,0,5,720,1941
493,462,3,3.2095150145426308,1,263.0,0,5,780,1969
1721,1134,3,3.3215984304653436,2,0.0,267,8,2077,2005
0,617,2,3.271609301378832,2,362.0,54,9,1869,2007
0,431,3,3.2755416884013098,0,0.0,0,7,930,1998
50,308,1,2.681241237375587,1,0.0,0,2,480,1949
0,516,0,3.1126050015345745,1,0.0,0,4,0,1967
690,288,0,2.9116901587538613,1,0.0,0,4,816,1938
704,478,2,3.2043913319193,1,206.0,0,7,1271,1978
0,451,3,3.2533380053261065,1,318.0,0,6,936,2000
1012,796,2,3.401400540781544,0,0.0,55,8,1338,1993
748,796,2,3.058426024457005,1,128.0,0,5,1144,1959
0,621,2,3.4151403521958725,1,0.0,0,5,612,1921
0,312,0,3.197831693328903,3,0.0,0,6,972,1939
630,624,0,2.9867717342662448,1,0.0,24,5,970,1963
1236,513,2,3.3087777736647213,1,0.0,0,7,2136,1965
439,440,2,3.0111473607757975,0,0.0,48,6,1026,1969
0,0,1,2.843855422623161,1,0.0,200,5,698,1947
655,576,0,3.185542154854375,0,0.0,54,7,1533,1975
360,660,1,3.1405080430381798,1,0.0,0,5,720,1941
16,530,1,3.143327129992046,0,0.0,158,7,1391,2004
49,240,0,3.03261876085072,0,0.0,0,5,1078,1950
1005,471,3,3.1126050015345745,0,136.0,25,8,1267,2001
608,301,2,3.15896526038341,1,243.0,0,6,1442,1958
0,0,1,3.2931414834509307,1,0.0,192,5,940,1911
0,644,2,3.17666993266815,0,268.0,114,7,1502,2009
1040,458,2,3.1436392352745433,1,387.0,0,6,1392,1957
0,0,1,3.2474822606770544,1,0.0,0,4,1768,1968
812,390,0,3.1992064791616577,1,621.0,198,5,1624,1964
498,301,2,2.9813655090785445,1,0.0,0,6,958,1960
777,600,2,2.951337518795918,1,0.0,0,5,894,1972
883,402,3,3.087781417809542,1,425.0,304,6,1224,1999
1280,846,3,3.3677285460869766,2,272.0,134,10,1682,2007
24,430,3,3.103461622094705,0,16.0,20,8,1256,2004
80,712,3,3.249442961442582,0,100.0,0,8,1732,2006
0,390,3,3.1631613749770184,0,0.0,24,6,728,2005
655,539,3,3.0770043267933502,1,0.0,0,6,655,1959
643,240,0,3.0034605321095067,0,0.0,18,5,1008,1953
16,430,3,3.1917303933628562,0,16.0,20,7,1373,2005
0,180,0,3.2513948500401044,1,0.0,40,5,747,1914
0,280,0,3.044539760392411,0,0.0,0,7,637,1930
0,400,3,3.144262773761991,0,0.0,0,5,384,2006
394,496,0,3.2340108175871793,1,42.0,66,7,980,1988
0,294,2,2.94546858513182,1,0.0,0,5,0,1959
0,0,1,3.115943176939055,3,0.0,0,3,728,1940
0,288,2,3.085290578230065,1,0.0,28,6,626,1980
495,299,0,2.99563519459755,1,0.0,64,5,990,1994
0,691,1,3.3895204658463776,0,132.0,32,8,1117,2004
685,420,1,2.9283958522567137,0,170.0,0,6,848,2003
551,300,1,3.13640344813399,1,0.0,0,6,672,1925
27,676,3,3.0856472882968564,0,0.0,102,6,1218,2009
0,672,3,3.4073909044707316,1,0.0,0,6,588,1922
1039,550,3,3.0958664534785427,0,0.0,84,8,1247,2005
896,619,3,3.4581844355702627,1,424.0,282,6,1330,1977
1480,482,1,3.218010042984363,0,186.0,53,8,1600,2008
705,546,2,3.2657609167176105,1,480.0,122,6,1844,1977
341,689,2,3.2946866242794433,0,0.0,48,7,1113,2005
0,463,3,3.255272505103306,1,16.0,63,6,982,2000
750,574,3,3.2898118391176214,0,246.0,90,7,1050,1993
150,0,1,2.7993405494535817,1,0.0,24,4,630,1972
922,530,2,3.1743505974793798,0,99.0,36,7,1494,2002
0,0,1,2.9858753573083936,1,0.0,0,3,600,1910
925,508,1,3.1051694279993316,0,80.0,98,7,1274,2005
674,364,2,3.1818435879447726,1,164.0,0,6,1156,1955
0,528,2,3.1089031276673134,1,148.0,0,6,660,1977
0,393,3,3.17868923977559,0,0.0,75,7,783,2003
0,550,2,3.28668096935493,1,233.0,113,7,793,1976
816,0,1,2.9116901587538613,1,104.0,32,6,816,1990
833,555,2,3.0791812460476247,0,103.48106712564544,41,7,1176,2003
0,548,0,3.167317334748176,1,0.0,0,4,941,1954
639,528,3,3.219060332448861,1,112.0,62,6,1080,1960
0,240,0,2.8987251815894934,0,0.0,0,5,768,1924
0,818,3,3.228913405994688,0,254.0,228,8,1694,2007
1274,765,3,3.255272505103306,0,630.0,78,8,1800,2002
0,560,0,3.368658712392227,1,0.0,57,5,662,1900
196,315,0,3.266231696689893,1,320.0,0,6,1040,1949
505,576,0,3.0111473607757975,1,0.0,0,6,940,1978
0,408,0,2.9561684304753633,1,41.0,0,5,876,1966
936,484,2,3.0515383905153275,1,0.0,41,5,1126,1977
970,872,1,3.392345155361204,0,388.0,154,8,1136,2004
938,540,0,2.9947569445876283,1,0.0,130,6,938,1969
1016,288,2,3.02201573981772,1,168.0,0,5,1052,1968
0,0,1,3.0398105541483504,1,0.0,8,6,572,1924
0,484,0,3.0572856444182146,1,0.0,0,6,1141,2005
247,484,2,3.2528530309798933,1,288.0,0,6,732,1972
668,660,3,3.2676409823459154,0,320.0,106,8,1004,1999
490,0,1,2.877371345869774,1,0.0,0,6,520,1935
0,513,0,3.1283992687178066,1,0.0,0,5,624,1916
912,576,2,3.343802333161655,1,287.0,0,7,1947,1970
0,360,1,3.3725438007590705,1,0.0,40,6,907,1908
575,831,3,3.433769833924866,0,289.0,204,8,1142,1976
659,484,2,3.13481437032046,0,240.0,36,7,1364,2005
0,402,3,3.09795107099415,1,38.0,21,7,1237,1995
569,528,0,3.1231980750319988,1,451.0,26,6,1328,1963
0,286,2,3.1528995963937474,1,0.0,0,5,978,1960
454,486,0,3.2979792441593623,1,176.0,42,7,768,1965
0,192,0,2.9786369483844743,3,0.0,98,6,952,1916
1220,500,2,3.220108088040055,0,420.0,50,8,1660,2006
1904,1166,3,3.34908316877959,2,748.0,60,9,2216,2008
384,160,0,2.8976270912904414,1,0.0,141,6,768,1930
24,396,3,3.1271047983648077,0,0.0,30,7,1340,2007
1200,480,2,3.2068258760318495,0,28.0,68,6,1610,1977
498,600,2,3.4183012913197452,1,1.0,24,5,1361,1977
16,438,3,3.0962145853464054,0,16.0,0,7,1248,2005
832,288,1,2.959994838328416,0,0.0,0,6,912,1961
828,472,3,3.2143138974244,1,0.0,38,6,943,1998
1159,1356,3,3.2100508498751372,1,149.0,0,4,1249,1961
774,180,0,3.3654879848909,0,0.0,0,6,1028,1945
572,456,0,3.058426024457005,1,136.0,0,5,1144,1961
182,281,0,3.1818435879447726,1,0.0,0,5,793,1932
196,472,2,3.1806992012960347,1,180.0,0,6,1516,1964
0,675,1,3.1755118133634475,0,0.0,33,7,1498,2006
690,560,3,3.292477593667784,0,0.0,192,6,804,2001
0,440,3,3.1631613749770184,0,0.0,0,7,728,2006
0,349,0,3.3807537708039,1,0.0,0,7,1032,1940
1274,708,3,3.288696260590256,2,0.0,175,9,1896,2003
0,474,2,3.1360860973840974,0,94.0,35,7,1368,2005
633,588,2,3.2528530309798933,0,158.0,88,7,873,1999
1330,858,3,3.433449793761596,2,268.0,66,9,1452,2008
0,312,1,3.104145550554008,1,0.0,0,5,720,1948
929,604,1,3.2723058444020863,1,102.0,39,7,1845,1988
828,577,3,3.3201462861110542,0,0.0,0,7,1190,1984
706,546,2,3.2543063323312857,1,0.0,36,6,794,1998
0,436,3,3.114610984232173,0,0.0,22,7,1302,2007
1104,542,3,3.402089350572097,0,0.0,120,8,2524,1981
315,338,3,3.137986732723532,1,0.0,0,4,840,1920
567,474,2,3.2111205412580492,0,106.0,27,7,764,2003
0,240,0,3.0145205387579237,1,0.0,39,5,735,1940
1218,588,2,3.1812717715594614,2,472.0,140,8,1518,2003
224,240,1,3.2595938788859486,1,600.0,0,7,1040,1931
0,598,2,3.2203696324513946,0,442.0,34,7,1649,1998
297,432,0,3.2990712600274095,1,480.0,0,6,854,1932
624,324,0,3.170848203643309,1,0.0,0,7,650,1920
1148,564,2,3.241048150671644,0,0.0,28,8,1742,1985
0,280,1,3.0969100130080562,3,0.0,0,5,686,1918
0,528,0,3.0704073217401198,1,0.0,0,6,816,1934
789,506,3,3.2821687783046416,0,0.0,150,8,908,1992
388,240,0,3.2027606873931997,1,0.0,0,6,940,1940
831,377,2,3.2203696324513946,0,0.0,28,6,992,1955
544,552,3,3.28668096935493,1,110.0,150,8,832,2009
0,534,2,3.254064452914338,0,281.0,159,8,1777,2002
0,434,3,3.285107029566812,0,0.0,48,7,847,2003
673,336,0,3.064083435963596,1,188.0,0,5,1051,1968
311,440,0,3.1631613749770184,1,0.0,0,6,855,1978
341,431,1,3.2909245593827543,0,312.0,119,7,798,1939
1460,880,2,3.3070679506612985,0,208.0,66,8,1868,2005
1165,665,3,3.462098381135156,0,0.0,72,8,1565,1976
533,663,2,3.2237554536572413,0,0.0,96,7,814,2000
212,0,1,2.9885589568786157,1,0.0,28,5,974,1991
932,586,3,3.2986347831244354,0,210.0,60,8,1065,2002
50,678,1,3.3215984304653436,0,0.0,187,7,1080,1993
0,500,1,3.15896526038341,1,0.0,34,7,1424,1990
821,720,0,3.0530784434834195,1,0.0,0,5,1120,1920
329,240,0,3.2600713879850747,1,0.0,100,7,1026,1925
0,583,1,3.3261309567107946,1,333.0,104,6,689,1972
0,666,3,3.4109458586877746,2,466.0,100,8,1234,2006
0,0,1,3.0086001717619175,1,0.0,0,5,780,1875
0,779,0,3.2489536154957075,1,0.0,0,4,1095,1900
350,0,1,2.9561684304753633,3,0.0,0,1,683,1922
641,490,0,3.1405080430381798,0,0.0,50,7,673,2000
0,840,0,3.557266528869904,2,0.0,260,10,1107,1892
0,205,0,3.3443922736851106,3,0.0,48,6,1008,1880
0,373,3,3.196452541703389,1,0.0,40,6,806,1995
1219,739,0,3.2610248339923973,0,351.0,48,7,1643,1971
775,304,0,3.0236639181977933,1,0.0,85,5,1056,1968
392,392,0,3.0867156639448825,1,0.0,0,5,784,1924
288,504,1,3.1341771075767664,1,491.0,20,6,1362,1961
697,420,2,2.9283958522567137,0,147.0,0,6,848,2004
20,527,2,3.1565491513317814,0,0.0,39,7,1454,2001
664,628,2,3.082066934285113,0,108.0,54,7,1208,2007
626,566,1,3.166133970305109,0,0.0,21,5,796,1936
1314,691,3,3.298197867109815,0,554.0,36,8,1986,1994
1173,983,2,3.383456296524753,0,651.0,154,7,1311,1993
904,626,2,3.118595365223762,0,166.0,62,7,1314,2007
0,380,0,3.232742062720737,0,50.0,40,7,970,2004
0,0,1,3.0856472882968564,1,236.0,0,6,672,1971
256,0,1,3.5308397786165204,3,0.0,110,6,1440,1914
1200,0,1,3.0791812460476247,1,0.0,0,5,1200,1987
111,297,3,2.959994838328416,1,0.0,285,5,912,1958
1455,832,3,3.635081436010873,2,1170.0,50,10,2444,1994
706,548,2,3.2329961103921536,0,196.0,61,7,856,2003
0,656,3,3.3754807146185724,2,340.0,100,8,1181,2003
275,234,0,3.1942367487238292,3,0.0,0,7,704,1941
176,528,3,3.166133970305109,3,132.0,140,5,1466,1959
565,292,1,3.1408221801093106,1,175.0,45,6,1383,1960
0,410,0,3.1861083798132053,1,0.0,0,5,0,1979
716,576,0,2.99563519459755,1,0.0,0,5,990,1995
364,240,0,3.216429830876251,1,0.0,0,7,918,1941
0,440,0,3.285107029566812,3,0.0,60,6,1020,1910
315,550,2,3.2367890994092927,1,96.0,88,7,539,1979
700,541,3,3.4581844355702627,0,337.0,33,8,1683,1992
500,576,0,3.3246939138617746,1,0.0,0,6,952,1969
672,240,0,3.121887985103681,1,0.0,0,4,672,1936
0,480,2,3.0791812460476247,0,0.0,166,7,600,2005
456,468,0,3.1283992687178066,1,0.0,128,5,672,1920
0,500,2,3.22219604630172,0,101.0,68,7,840,2003
0,400,0,3.0170333392987803,1,0.0,0,3,0,1950
234,576,0,2.9542425094393248,0,0.0,32,5,900,1951
338,812,0,3.192846115188842,1,0.0,116,5,1559,1948
492,248,0,2.976808337338066,1,132.0,0,4,864,1954
543,264,2,2.965201701025912,1,0.0,0,6,923,1980
24,782,1,3.1908917169221698,0,196.0,20,7,1552,2005
216,642,0,3.2347702951609163,0,0.0,35,7,756,1915
570,440,2,3.2357808703275603,1,0.0,96,5,1461,1968
330,264,0,2.9943171526696366,1,158.0,0,6,483,1973
334,521,2,3.0791812460476247,0,0.0,26,6,1200,1995
292,281,0,3.2345172835126865,1,0.0,0,5,768,1949
553,336,0,2.951337518795918,1,0.0,144,5,894,1965
0,336,0,3.248218561190075,1,75.0,0,5,0,1960
885,528,2,3.0692980121155293,0,81.0,120,7,1053,1974
72,576,3,3.1095785469043866,0,0.0,17,5,1063,1959
547,459,1,3.1405080430381798,1,51.0,82,4,1051,1963
565,721,1,3.401400540781544,0,290.0,114,7,1203,1995
585,297,0,3.084576277934331,1,176.0,0,6,1215,1958
740,844,1,3.402433346219312,0,391.0,78,8,1165,1994
0,480,2,3.0791812460476247,0,0.0,172,7,600,2004
1606,560,0,3.2375437381428744,1,0.0,0,5,1728,1976
0,480,0,3.2329961103921536,1,0.0,11,7,576,1921
1074,870,3,3.3787611753163733,0,423.0,70,8,1396,1997
402,457,2,3.2415464805965484,0,0.0,70,7,996,1993
0,562,2,3.2214142378423385,0,103.48106712564544,0,7,813,2007
984,792,1,3.4307198878632823,2,220.0,184,7,1264,2007
616,528,0,2.936513742478893,1,0.0,0,4,864,1971
344,234,0,2.8273692730538253,1,0.0,113,4,672,1941
328,564,1,3.12057393120585,1,97.0,68,5,1164,1966
120,440,2,2.9813655090785445,1,0.0,205,6,1078,1976
0,550,1,3.2329961103921536,0,108.0,48,7,1710,2004
633,502,2,3.1020905255118367,0,0.0,92,5,1219,1965
0,400,3,3.1631613749770184,0,40.0,20,8,1273,2003
0,576,0,3.187238619831479,1,0.0,0,5,927,1936
0,766,0,3.2920344359947364,1,70.0,0,7,1907,1988
0,0,1,3.182414652434554,1,0.0,0,5,1008,1926
0,0,1,3.0507663112330423,1,0.0,36,5,0,1954
859,484,1,3.3201462861110542,1,240.0,204,7,1107,1973
698,461,0,3.0842186867392387,1,0.0,0,5,1214,1965
306,454,0,3.250175948083925,1,0.0,418,5,1763,1955
1300,808,3,3.2119210843085093,0,236.0,252,8,1616,2002
24,627,2,3.1914510144648953,0,108.0,73,8,1554,2006
0,642,3,3.3494717992143856,0,285.0,0,7,964,1997
0,0,1,2.900913067737669,1,0.0,0,4,796,1922
0,308,1,3.225309281725863,1,0.0,0,6,840,1915
686,420,3,2.9283958522567137,0,170.0,0,6,848,2003
874,528,3,3.0576661039098294,1,0.0,90,5,1142,1976
429,564,2,3.097604328874411,1,0.0,0,6,1602,1960
28,564,2,3.226342087163631,2,616.0,72,9,1684,2005
1464,888,1,3.3010299956639813,0,246.0,0,8,2000,2004
0,834,2,3.208441356438567,0,228.0,59,7,1616,2005
990,531,2,3.2723058444020863,2,108.0,122,8,1299,2001
0,225,0,3.1975562131535367,1,0.0,0,5,1042,1928
421,575,1,3.2971036501492565,0,340.0,84,7,807,1989
534,276,0,2.9947569445876283,1,0.0,80,5,876,1950
976,620,3,3.2657609167176105,0,366.0,44,8,1844,2005
656,528,1,3.09968064110925,0,144.0,0,6,1258,1971
786,500,3,3.1099158630237933,2,0.0,30,8,1260,1996
0,866,1,3.2132520521963968,0,248.0,44,8,1626,2006
257,440,0,3.1212314551496214,1,0.0,0,6,855,1974
0,403,3,3.150449409460881,0,0.0,35,8,707,2004
690,478,3,3.1772478362556233,0,196.0,66,7,1504,1996
0,690,2,3.2227164711475833,0,27.0,60,7,1670,2006
125,518,2,3.335858911319818,0,0.0,47,7,1192,1974
559,440,2,3.028977705208778,1,0.0,55,6,1069,1977
547,525,3,3.030194785356751,1,82.0,44,6,547,2005
1159,995,2,3.196452541703389,1,226.0,263,5,1572,1963
1088,456,0,3.271609301378832,1,0.0,0,5,1088,1890
0,0,1,2.94546858513182,1,0.0,0,4,882,1956
1249,676,3,3.2837533833325265,0,200.0,51,9,1922,2005
632,352,0,2.8920946026904804,1,0.0,0,5,780,1972
0,300,2,3.2043913319193,1,0.0,34,5,533,1958
1274,430,3,3.184691430817599,0,16.0,36,7,1530,2005
625,0,1,2.9206450014067875,1,0.0,0,5,833,1985
331,308,0,3.0729847446279304,1,0.0,176,3,649,1948
659,260,0,3.0170333392987803,1,0.0,104,5,1040,1962
1150,1052,2,3.4514794051248616,0,340.0,144,8,1466,2006
280,288,0,3.097604328874411,1,0.0,0,6,1032,1950
340,305,2,3.095518042323151,0,0.0,0,5,1246,1959
0,180,0,2.9561684304753633,1,0.0,0,6,884,1926
686,416,0,3.218010042984363,1,0.0,0,5,686,1915
375,288,0,3.1031192535457137,1,0.0,28,5,832,1949
0,342,1,3.281714970027296,1,0.0,0,6,896,1928
733,484,2,3.132899769944483,0,128.0,35,7,1358,2009
1237,484,0,3.219322508419337,1,0.0,0,6,1657,1970
210,275,3,2.9232440186302764,3,0.0,0,6,816,1918
772,390,2,3.3138672203691533,0,298.0,0,7,992,1999
573,474,2,3.2111205412580492,0,106.0,27,7,764,2003
371,299,3,3.130976691605617,1,143.0,36,6,663,1969
368,240,0,3.1386184338994925,1,0.0,0,5,768,1941
326,240,0,3.220108088040055,1,0.0,0,6,715,1934
0,432,3,3.149834696715785,0,0.0,36,6,616,2006
0,216,0,3.1670217957902564,1,0.0,0,6,756,1906
0,400,2,3.155336037465062,1,0.0,0,7,384,2000
500,495,1,3.039017321997412,1,216.0,0,6,1094,1953
1422,758,1,3.2615007731982804,0,238.0,75,8,1814,2005
0,576,0,2.9656719712201065,1,0.0,0,5,672,1949
368,528,2,3.17666993266815,0,0.0,54,8,1488,1985
462,603,2,3.2273724422896364,0,0.0,114,6,616,1997
905,572,1,3.1010593549081156,0,68.0,120,6,1262,2006
0,788,3,3.279894980011638,2,302.0,191,9,1905,2006
252,541,3,3.307709923404807,0,202.0,84,7,1153,1998
0,478,2,3.130333768495006,1,174.0,0,6,1064,1974
483,613,2,3.262213705476417,0,223.0,39,7,941,2003
641,300,0,2.9845273133437926,1,0.0,0,5,828,1965
348,280,0,2.9656719712201065,3,0.0,0,4,672,1941
0,905,3,3.3546845539547285,0,396.0,45,8,1055,2001
626,540,0,3.323870606540509,0,0.0,0,6,1127,1935
916,528,0,3.0941215958405612,1,320.0,0,7,1242,1973
0,240,0,3.196728722623287,0,0.0,0,4,884,1935
0,434,3,3.3085644135612386,0,180.0,48,7,884,2001
660,516,0,3.090610707828407,1,0.0,0,6,1232,1984
403,483,2,3.2931414834509307,1,660.0,69,7,803,1976
0,0,1,3.0569048513364727,1,0.0,160,4,576,1910
702,450,2,2.951337518795918,0,0.0,0,5,894,1967
619,619,1,3.4239009185284166,0,220.0,65,6,1054,1968
660,396,3,2.885361220031512,1,0.0,0,5,768,1972
0,0,1,2.959994838328416,1,0.0,0,4,0,1947
650,504,0,3.3180633349627615,3,192.0,0,5,1040,1969
732,576,1,3.0170333392987803,0,0.0,0,5,1040,1996
370,216,0,3.208441356438567,0,0.0,0,6,1149,1926
0,273,0,3.0199466816788423,1,0.0,0,4,641,1885
168,484,2,3.255995726722402,1,67.0,0,5,1134,1957
0,528,0,2.920123326290724,0,0.0,0,6,832,1954
180,384,1,2.951337518795918,1,0.0,0,5,894,1966
0,189,0,3.076276255404218,1,0.0,0,5,596,1920
1261,772,3,3.2671717284030137,0,378.0,112,9,1833,2004
450,288,3,2.9537596917332287,0,89.0,0,5,864,1967
340,264,2,2.950364854376123,1,65.0,0,5,864,1966
1046,506,0,3.3600250891893975,1,0.0,0,6,1214,1910
0,360,0,3.330007700872759,1,0.0,156,5,849,1898
0,470,3,3.2052043639481447,1,0.0,36,6,926,1997
0,422,2,3.305566313515304,0,0.0,100,7,868,2006
280,308,0,2.9722028383790646,1,0.0,0,5,938,1975
0,216,0,3.154119525515847,0,0.0,240,7,912,1918
220,400,1,3.2833012287035497,1,567.0,0,5,928,1948
902,260,1,3.040602340114073,1,151.0,0,5,1098,1955
0,0,1,2.8627275283179747,1,0.0,0,3,270,1935
0,528,0,3.097604328874411,0,243.0,39,6,1252,1959
0,792,0,3.1997551772534747,1,0.0,152,5,1584,1967
0,592,1,3.177824971864682,2,284.0,174,9,1498,2008
1238,506,3,3.232742062720737,0,60.0,65,9,1698,1999
895,299,3,3.0382226383687185,1,0.0,0,5,1092,1957
1320,758,3,3.2420442393695508,2,160.0,39,9,1746,2006
603,667,3,3.3592661646067485,1,0.0,21,7,1304,1953
0,200,0,2.89707700320942,1,0.0,0,5,768,1926
991,270,2,3.017450729510536,1,132.0,88,5,1041,1959
0,431,3,3.2805783703680764,0,0.0,0,8,967,2002
0,390,2,3.3554515201265174,0,0.0,46,6,1010,2002
209,180,0,2.942008053022313,1,0.0,0,5,715,1931
383,364,1,3.1835545336188615,1,145.0,78,5,1216,1957
1567,714,2,3.1950689964685903,0,0.0,32,6,1567,1977
0,1020,2,3.450557009418329,2,424.0,170,9,1734,2008
141,360,0,3.139249217571607,0,0.0,0,7,689,1928
0,368,0,3.2400497721126476,1,0.0,0,4,715,1920
831,521,1,3.3138672203691533,1,268.0,228,6,1151,1988
812,286,0,3.0523090996473234,1,0.0,0,5,936,1954
0,440,3,3.2355284469075487,0,0.0,48,7,840,2004
504,338,0,3.0211892990699383,1,0.0,0,5,1050,1956
814,576,0,3.04688519083771,0,0.0,78,6,1114,2003
567,750,2,3.0224283711854865,2,85.0,80,5,1008,1958
1153,682,3,3.2022157758011316,2,0.0,120,8,1593,2001
695,318,2,3.0842186867392387,1,196.0,111,5,1214,1967
641,264,0,2.9116901587538613,0,0.0,0,5,816,1982
0,400,0,3.1861083798132053,1,0.0,0,5,0,1979
1036,795,0,3.4930395883176515,0,0.0,16,8,1360,1918
0,685,2,3.2830749747354715,0,0.0,51,8,1079,2006
0,672,0,3.0402066275747113,1,0.0,64,5,1097,1994
660,423,0,3.2430380486862944,1,0.0,0,6,983,1940
0,288,0,2.9943171526696366,1,297.0,0,6,483,1972
282,576,0,2.9916690073799486,1,0.0,312,6,981,1971
1018,447,2,3.230448921378274,0,0.0,38,5,1398,1959
708,308,0,2.9116901587538613,1,0.0,0,5,816,1957
666,622,2,3.2648178230095364,0,0.0,45,7,944,2001
837,576,1,3.401572845676446,1,0.0,20,6,942,1973
828,902,0,3.0008677215312267,1,76.0,0,5,1002,1970
0,294,0,2.924795995797912,1,0.0,0,4,721,1950
747,564,0,2.998259338423699,0,0.0,0,6,936,1992
1088,856,3,3.2337573629655103,2,262.0,26,8,1713,2004
1005,576,0,3.149834696715785,0,0.0,0,6,1392,1988
600,923,1,3.092018470752797,1,0.0,158,6,912,1957
633,648,0,3.0170333392987803,1,0.0,0,4,1064,1963
1180,608,2,3.208441356438567,0,0.0,152,8,1595,1995
528,601,0,3.150449409460881,1,0.0,51,6,1184,1958
649,576,2,3.290034611362518,0,1600.0,10,7,975,1997
320,490,0,3.035829825252828,1,104.0,0,5,1086,1954
1309,528,2,3.1975562131535367,0,0.0,312,5,1324,1923
619,624,0,2.885361220031512,1,0.0,0,5,768,1970
982,676,1,3.140193678578631,0,0.0,0,6,1161,1972
0,647,2,3.336259552014193,0,149.0,87,8,1284,2002
0,287,0,2.8573324964312685,1,0.0,0,3,0,1949
493,520,0,3.4459154139511234,1,0.0,547,6,1510,1920
0,576,0,2.971275848738105,1,0.0,32,4,936,1953
920,588,2,3.072249897613515,1,0.0,0,4,1138,1972
0,954,2,3.227629649571009,0,0.0,56,7,1689,2007
732,280,1,2.976808337338066,1,0.0,36,4,948,1954
420,440,0,3.1795517911651876,0,513.0,32,6,756,2000
492,450,1,2.951337518795918,1,0.0,0,5,894,1968
822,644,2,3.2676409823459154,0,0.0,108,7,900,2009
0,290,0,2.926856708949692,1,0.0,0,4,0,1957
544,0,1,2.8887409606828927,0,0.0,0,3,544,1931
816,666,3,3.510276844417355,0,579.0,86,8,2033,1995
724,632,1,3.090610707828407,0,82.0,0,7,1232,2007
0,528,0,3.06595298031387,1,168.0,0,7,1164,1969
324,160,0,3.0962145853464054,1,0.0,0,5,912,1930
353,572,1,3.2271150825891253,1,0.0,0,5,747,1948
625,440,3,3.292256071356476,0,103.48106712564544,48,6,860,2002
273,286,2,3.0382226383687185,1,0.0,0,4,546,1970
552,400,0,2.951337518795918,1,0.0,0,4,894,1954
1013,558,2,3.1699681739968923,0,167.0,29,7,1453,2003
188,270,0,3.0253058652647704,0,0.0,90,5,1060,1968
946,484,1,3.1571544399062814,0,266.0,98,7,1436,2004
0,504,0,3.0187004986662433,3,0.0,0,5,540,1952
390,320,0,3.2474822606770544,1,0.0,341,7,880,1914
538,432,0,2.9116901587538613,1,0.0,0,6,816,1930
250,400,3,3.155336037465062,1,0.0,0,7,384,2000
379,303,3,3.2711443179490782,1,0.0,0,5,1617,1955
1070,648,3,3.1760912590556813,0,45.0,20,7,1356,2006
419,312,2,3.041392685158225,1,0.0,0,4,1100,1960
546,264,0,2.9116901587538613,1,0.0,0,5,816,1982
967,308,1,3.1231980750319988,1,0.0,104,5,1350,1959
1338,842,2,3.3609718837259357,2,420.0,274,10,1722,2008
167,572,0,2.936513742478893,1,0.0,0,5,864,1955
0,453,0,3.1024337056813365,0,0.0,144,7,1257,2005
614,0,1,2.9334872878487053,1,0.0,0,4,858,1971
426,506,2,3.2329961103921536,0,120.0,70,6,832,1993
0,264,0,3.050379756261458,1,0.0,0,4,732,1939
0,460,2,3.2166935991697545,1,0.0,40,6,953,1999
510,288,2,2.941511432634403,1,0.0,0,5,864,1968
0,522,2,3.2523675144598987,2,0.0,151,8,1753,2001
1186,416,3,3.2645817292380777,0,106.0,87,6,1477,1957
381,484,0,3.2713768718940743,0,44.0,96,5,780,1976
528,588,3,3.2335037603411343,1,122.0,54,5,1626,1959
285,462,3,3.089551882886454,1,0.0,0,6,561,1980
0,890,2,3.2041199826559246,0,640.0,56,8,1566,2007
0,460,3,3.2041199826559246,1,0.0,38,6,916,1997
0,240,1,3.1283992687178066,1,0.0,114,5,896,1936
767,540,2,3.0515383905153275,2,0.0,0,5,1126,1977
658,264,0,2.965201701025912,1,0.0,0,5,876,1984
616,205,0,2.7895807121644256,1,0.0,0,5,616,1921
0,0,1,3.255272505103306,1,0.0,0,5,1800,1961
1024,505,2,3.1775364999298623,1,90.0,0,6,1505,1953
1283,621,3,3.2166935991697545,0,459.0,0,5,1430,1977
1024,451,3,3.0538464268522527,0,0.0,64,4,1132,2005
821,470,2,3.246498580795801,0,0.0,99,6,928,1997
0,240,0,3.1844074854123203,1,0.0,0,4,0,1945
0,336,0,3.388633969351789,0,0.0,0,6,804,1919
16,457,3,3.1772478362556233,0,16.0,0,7,1346,2005
256,220,0,3.0655797147284485,1,0.0,98,3,1162,1955
436,440,0,3.1832698436828046,0,456.0,0,6,756,2000
560,288,0,2.9708116108725178,1,114.0,0,5,935,1965
0,270,0,2.910090545594068,0,0.0,113,6,813,1930
603,230,0,3.3027637084729817,2,0.0,0,5,896,1948
1085,514,0,3.367169488534681,0,99.0,121,7,1475,1990
420,282,0,3.1925674533365456,1,0.0,0,5,910,1950
194,528,2,3.2211533219547053,1,0.0,28,7,832,1976
1065,522,3,3.3242824552976926,2,0.0,0,7,2110,1968
648,684,2,3.2518814545525276,0,0.0,162,6,824,1997
548,336,2,3.1687920203141817,1,0.0,26,5,757,1977
0,256,0,3.1420764610732848,0,0.0,0,5,811,1954
0,380,1,3.232487866352986,0,117.0,40,7,976,2004
600,440,1,3.2390490931401916,0,0.0,0,6,912,1962
664,520,1,3.3827372657613304,1,0.0,0,5,954,1900
642,493,0,3.2805783703680764,0,0.0,133,7,915,1994
504,506,0,3.1082266563749283,1,0.0,0,5,931,1962
0,573,2,3.0835026198302673,0,0.0,0,7,1212,2001
0,672,1,3.189770956346874,2,0.0,0,7,952,1925
400,384,3,2.9912260756924947,1,0.0,0,5,980,1967
296,470,3,3.2579184503140586,2,0.0,0,6,1073,1956
1056,384,0,3.0236639181977933,1,0.0,42,4,1056,1966
0,484,2,3.091315159697223,0,0.0,30,8,1234,2007
0,440,0,3.114610984232173,1,304.0,0,5,630,1970
0,0,1,3.147985320683805,3,0.0,144,6,319,1920
685,576,0,2.9334872878487053,1,0.0,0,5,858,1982
998,736,3,3.366236123718293,2,286.0,21,9,1175,2005
0,414,0,2.9590413923210934,0,0.0,0,5,105,1953
674,442,2,3.207095540419218,1,360.0,128,6,780,1964
0,400,3,3.1931245983544616,0,0.0,38,6,684,2005
0,630,0,3.305351369446624,1,320.0,0,5,0,1977
616,582,3,3.1264561134318045,0,0.0,0,8,1338,2001
593,312,0,3.074816440645175,1,189.0,39,5,1188,1962
0,527,2,3.1640552918934515,0,100.0,39,7,1459,2002
1201,533,1,3.3541084391474008,0,0.0,44,7,1306,1996
0,605,2,3.155336037465062,0,0.0,33,7,1413,2001
290,0,1,2.998259338423699,1,0.0,0,5,996,1940
787,504,2,3.0382226383687185,1,260.0,0,6,1092,1964
0,625,3,3.0969100130080562,0,0.0,54,7,625,2006
0,572,2,3.2375437381428744,0,0.0,56,7,864,2004
0,280,0,2.9656719712201065,1,0.0,0,5,924,1975
300,530,2,3.0788191830988487,0,0.0,63,6,1199,1993
0,300,0,2.976808337338066,1,0.0,0,5,948,1968
338,429,0,2.9661417327390325,1,0.0,0,5,925,1965
108,366,0,2.921686475483602,1,0.0,0,5,458,1920
0,610,2,3.3919930722597127,0,0.0,214,8,1580,2004
445,487,1,3.333850145102545,0,309.0,66,7,924,1966
840,572,1,3.0253058652647704,1,0.0,110,5,1040,1976
1282,804,2,3.4204508591060683,2,705.0,140,10,2633,2001
0,280,0,3.0203612826477078,1,0.0,0,5,993,1922
0,460,2,3.2211533219547053,1,0.0,40,6,953,2000
0,360,0,2.8943160626844384,1,0.0,0,6,784,1928
641,473,0,3.106870544478654,1,0.0,83,6,1196,1977
1059,284,2,3.089551882886454,1,0.0,0,4,1134,1956
540,244,3,3.1031192535457137,1,200.0,98,5,1268,1954
0,480,3,3.1547282074401557,0,103.48106712564544,120,7,1428,2007
631,352,0,3.0511525224473814,1,255.0,0,6,1041,1976
486,275,1,3.0034605321095067,1,0.0,0,5,1008,1954
0,860,2,3.2121876044039577,2,270.0,42,8,1622,2008
503,673,2,3.2375437381428744,0,0.0,56,6,864,2003
250,322,1,3.0831441431430524,1,0.0,63,5,952,1968
369,286,2,3.0170333392987803,1,0.0,0,5,1040,1959
0,511,2,3.2322335211147335,1,653.0,64,8,1686,1981
0,462,3,3.2127201544178425,1,0.0,28,7,935,1998
1302,528,0,3.1436392352745433,1,180.0,0,5,1392,1957
428,270,0,3.1202447955463652,1,0.0,0,5,608,1953
0,390,3,3.171433900943008,0,0.0,24,6,742,2005
523,300,0,2.9872192299080047,1,0.0,0,5,971,1969
539,539,2,3.0261245167454502,1,0.0,0,6,1029,1976
945,0,1,2.9912260756924947,1,250.0,0,6,945,1975
0,478,2,3.1476763242410986,0,163.0,36,7,1405,2003
786,472,3,3.2229764498933915,1,0.0,38,6,959,2000
788,495,2,3.0310042813635367,1,0.0,88,5,1056,1975
0,672,0,3.3654879848909,1,0.0,144,5,0,1948
0,264,0,2.9628426812012423,1,0.0,0,6,918,1979
1157,528,2,3.157456768134226,0,0.0,21,5,1437,1976
360,440,2,3.028977705208778,1,0.0,55,6,1069,1977
298,441,1,3.1920095926536702,1,0.0,0,6,727,1968
624,510,1,3.2773799746672547,0,44.0,40,7,817,2002
0,895,3,3.295127085252191,0,375.0,45,8,1935,2006
0,564,3,3.473924693416157,0,300.0,0,7,710,1967
662,420,2,2.9283958522567137,0,205.0,0,6,848,2004
0,400,3,3.1684974835230326,1,22.0,72,7,384,1995
480,260,0,3.0236639181977933,1,0.0,0,5,1056,1954
301,484,0,2.9552065375419416,1,0.0,0,5,864,1983
605,564,0,3.0136796972911926,1,233.0,0,6,1032,1978
0,338,0,3.0322157032979815,1,0.0,0,5,961,1920
600,480,0,3.0916669575956846,1,203.0,0,5,1235,1961
738,719,3,3.15896526038341,0,0.0,244,7,910,1990
387,264,0,2.9943171526696366,1,232.0,0,6,483,1971
975,504,0,3.0017337128090005,1,90.0,0,6,975,1977
288,0,1,3.0025979807199086,1,0.0,24,5,1006,1959
210,0,1,3.2345172835126865,3,0.0,184,5,780,1912
0,565,2,3.2355284469075487,0,0.0,70,7,860,2004
250,308,0,2.9822712330395684,3,0.0,0,4,960,1920
1334,660,2,3.2052043639481447,0,180.0,110,7,1604,2006
351,621,0,3.345765693114488,0,0.0,207,8,2217,1970
1110,540,2,3.2657609167176105,0,312.0,73,6,1844,1969
0,380,2,3.1961761850399735,1,0.0,40,6,799,1993
0,577,2,3.1699681739968923,0,125.0,25,7,1468,1999
1249,529,3,3.2518814545525276,1,0.0,0,5,1499,1965
620,338,2,3.2127201544178425,1,183.0,0,6,1240,1958
20,578,2,3.2474822606770544,0,0.0,105,8,866,2007
75,299,3,3.0398105541483504,1,0.0,32,5,1096,1969
0,542,3,3.3207692283386865,1,123.0,63,7,791,1986
512,453,2,3.129689892199301,1,266.0,108,6,660,1966
648,410,3,3.1631613749770184,0,0.0,18,7,728,2005
1277,319,2,3.2041199826559246,1,0.0,258,5,1484,1957
340,544,2,3.230448921378274,0,120.0,23,6,1682,2003
0,389,2,3.2022157758011316,1,0.0,40,6,808,1992
650,288,0,3.1344958558346736,1,70.0,42,5,1008,1951
311,440,0,3.1586639808139894,1,0.0,0,6,855,1978
1400,866,2,3.2329961103921536,0,436.0,102,8,1710,2007
695,463,2,3.3242824552976926,0,0.0,130,7,948,1994
533,475,2,3.1699681739968923,0,289.0,44,6,725,1976
584,367,3,2.884795363948981,1,182.0,40,7,723,1998
554,426,2,3.1749315935284423,0,0.0,24,7,654,2006
1154,648,3,3.1950689964685903,2,0.0,0,8,1520,2006
210,308,0,3.059941888061955,1,0.0,0,5,980,1952
0,753,3,3.294466226161593,2,788.0,74,8,1085,2006
482,750,2,3.44870631990508,0,336.0,0,8,1453,1990
986,696,1,3.419955748489758,0,473.0,66,8,1470,1998
443,480,1,3.356790460351716,1,361.0,0,5,1105,1960
662,433,2,3.1007150865730817,1,0.0,0,6,1261,1958
637,480,3,3.1720188094245563,1,0.0,0,5,1486,1964
570,240,0,2.888179493918325,1,0.0,0,5,773,1953
0,462,2,3.1866738674997452,0,237.0,36,6,1319,1962
0,546,2,3.250175948083925,0,0.0,36,7,866,1998
569,0,1,3.0881360887005513,1,0.0,0,4,950,1959
659,420,3,2.9283958522567137,0,170.0,0,6,848,2003
0,198,0,3.1386184338994925,1,0.0,0,6,780,1937
381,440,0,3.16761267272753,1,894.0,24,6,729,1999
0,0,1,2.9390197764486663,3,0.0,0,4,440,1923
419,440,0,3.163757523981956,1,1129.0,32,6,729,1999
762,440,0,2.951337518795918,1,0.0,0,5,864,1974
0,427,3,3.2350231594952237,1,40.0,94,7,832,1998
1390,611,3,3.230704313612569,1,0.0,0,5,1390,1975
600,576,0,2.936513742478893,1,0.0,0,4,864,1972
0,512,2,3.268343913951065,1,360.0,100,6,528,1976
1398,616,3,3.2177470732627937,1,132.0,0,6,1606,1986
0,528,2,3.087781417809542,0,76.0,234,6,612,2009
308,288,3,2.967547976218862,1,0.0,0,5,928,1957
0,0,1,3.0382226383687185,3,0.0,0,4,0,1930
16,546,0,3.215108581053093,2,0.0,0,7,728,1925
404,776,2,3.15106325335375,1,420.0,169,6,708,1968
546,736,3,3.2796669440484556,2,280.0,60,8,1058,2005
248,308,3,2.971275848738105,1,0.0,0,5,936,1956
81,452,3,3.1920095926536702,1,0.0,0,6,716,1980
120,400,0,2.936513742478893,1,0.0,0,4,864,1951
986,900,0,3.218535505216528,0,295.0,136,7,1654,2002
0,576,0,3.15106325335375,0,0.0,0,5,816,1918
1163,856,1,3.3738311450738303,0,673.0,128,8,1252,1999
442,436,0,3.0281644194244697,0,0.0,0,4,1067,1950
0,539,0,3.279210512601395,1,0.0,0,6,0,1978
0,420,3,3.1922886125681202,0,18.0,20,7,1374,2003
0,486,3,3.2645817292380777,1,30.0,81,7,1195,1998
