1stFlrSF,2ndFlrSF,BedroomAbvGr,BsmtExposure,GarageArea,GarageFinish,GarageYrBlt,GrLivArea,KitchenQual,MasVnrArea,OpenPorchSF,OverallCond,OverallQual,TotalBsmtSF,YearBuilt,YearRemodAdd,SalePrice
856,854.0,3.0,0,548,2,2003.0,1710,3,196.0,61,5,7,856,2003,2003,208500
1262,0.0,3.0,1,460,2,1976.0,1262,2,0.0,0,8,6,1262,1976,1976,181500
920,866.0,3.0,2,608,2,2001.0,1786,3,162.0,42,5,7,920,2001,2002,223500
961,0.0,3.0,0,642,1,1998.0,1717,3,0.0,35,5,7,756,1915,1970,140000
1145,0.0,4.0,3,836,2,2000.0,2198,3,350.0,84,5,8,1145,2000,2000,250000
796,566.0,1.0,0,480,1,1993.0,1362,2,0.0,30,5,5,796,1993,1995,143000
1694,0.0,3.0,3,636,2,2004.0,1694,3,186.0,57,5,8,1686,2004,2005,307000
1107,983.0,3.0,2,484,1,1973.0,2090,2,240.0,204,6,7,1107,1973,1973,200000
1022,752.0,2.0,0,468,1,1931.0,1774,2,0.0,0,5,7,952,1931,1950,129900
1077,0.0,2.0,0,205,2,1939.0,1077,2,0.0,4,6,5,991,1939,1950,118000
1040,0.0,3.0,0,384,1,1965.0,1040,2,0.0,0,5,5,1040,1965,1965,129500
1182,1142.0,4.0,0,736,3,2005.0,2324,4,286.0,21,5,9,1175,2005,2006,345000
912,0.0,2.0,0,352,1,1962.0,912,2,0.0,0,6,5,912,1962,1962,144000
1494,0.0,3.0,3,840,2,2006.0,1494,3,306.0,33,5,7,1494,2006,2007,279500
1253,0.0,3.0,0,352,2,1960.0,1253,2,212.0,213,5,6,1253,1960,1960,157000
854,0.0,2.0,0,576,1,1991.0,854,2,0.0,112,8,7,832,1929,2001,132000
1004,0.0,2.0,0,480,3,1970.0,1004,2,180.0,0,7,6,1004,1970,1970,149000
1296,0.0,2.0,0,516,1,1967.0,1296,2,0.0,0,5,4,0,1967,1967,90000
1114,0.0,3.0,0,576,1,2004.0,1114,3,0.0,102,5,5,1114,2004,2004,159000
1339,0.0,3.0,0,294,1,1958.0,1339,2,0.0,0,6,5,1029,1958,1965,139000
1158,1218.0,4.0,3,853,2,2005.0,2376,3,380.0,154,5,8,1158,2005,2006,325300
1108,0.0,3.0,0,280,1,1930.0,1108,3,0.0,0,7,7,637,1930,1950,139400
1795,0.0,3.0,0,534,2,2002.0,1795,3,281.0,159,5,8,1777,2002,2002,230000
1060,0.0,3.0,0,572,1,1976.0,1060,2,0.0,110,7,5,1040,1976,1976,129900
1060,0.0,3.0,2,270,1,1968.0,1060,3,0.0,90,8,5,1060,1968,2001,154000
1600,0.0,3.0,0,890,2,2007.0,1600,3,640.0,56,5,8,1566,2007,2007,256300
900,0.0,3.0,2,576,1,2005.0,900,3,0.0,32,7,5,900,1951,2000,134800
1704,0.0,3.0,0,772,1,2008.0,1704,3,200.0,50,5,8,1704,2007,2008,306000
1600,0.0,2.0,1,319,2,1957.0,1600,2,0.0,258,6,5,1484,1957,1997,207500
520,0.0,1.0,0,240,1,1920.0,520,1,0.0,0,6,4,520,1927,1950,68500
649,668.0,3.0,0,250,1,1920.0,1317,2,0.0,54,4,4,649,1920,1950,40000
1228,0.0,3.0,0,271,1,1966.0,1228,3,0.0,65,6,5,1228,1966,2006,149350
1234,0.0,3.0,3,484,2,2007.0,1234,3,0.0,30,5,8,1234,2007,2007,179900
1700,0.0,4.0,0,447,2,1959.0,1700,3,0.0,38,5,5,1398,1959,1959,165500
1561,0.0,2.0,0,556,3,2005.0,1561,4,246.0,47,5,9,1561,2005,2005,277500
1132,1320.0,4.0,3,691,1,2004.0,2452,3,132.0,32,5,8,1117,2004,2005,309000
1097,0.0,3.0,0,672,1,1995.0,1097,2,0.0,64,5,5,1097,1994,1995,145000
1297,0.0,3.0,0,498,3,1954.0,1297,2,650.0,0,6,5,1297,1954,1990,153000
1057,0.0,3.0,0,246,1,1953.0,1057,3,0.0,52,7,5,1057,1953,2007,109000
1152,0.0,3.0,0,0,1,1980.0,1152,1,0.0,0,5,4,0,1955,1955,82000
1324,0.0,3.0,0,440,1,1965.0,1324,2,101.0,138,5,6,1088,1965,1965,160000
1328,0.0,2.0,1,308,1,1959.0,1328,2,0.0,104,6,5,1350,1959,1959,170000
884,0.0,2.0,3,504,2,1983.0,884,3,0.0,0,7,5,840,1983,1983,144000
938,0.0,3.0,3,308,1,1977.0,938,2,0.0,0,6,5,938,1975,1980,130250
1150,0.0,3.0,0,300,2,1959.0,1150,2,0.0,0,6,5,1150,1959,1959,141000
1752,0.0,2.0,0,576,2,2005.0,1752,4,412.0,82,5,9,1752,2005,2005,319900
1518,631.0,1.0,0,670,2,2003.0,2149,3,0.0,43,5,7,1434,2003,2003,239686
1656,0.0,3.0,3,826,1,2006.0,1656,3,0.0,146,5,8,1656,2006,2006,249700
736,716.0,2.0,0,0,1,1980.0,1452,2,0.0,0,5,4,736,1920,2008,113000
955,0.0,3.0,0,386,1,1966.0,955,2,0.0,0,7,5,955,1966,1966,127000
794,676.0,3.0,3,388,3,1997.0,1470,2,0.0,75,6,6,794,1997,1997,177000
816,0.0,3.0,0,528,1,1985.0,1176,2,0.0,0,6,6,816,1934,1950,114500
816,0.0,2.0,1,516,1,1963.0,816,2,0.0,0,5,5,816,1963,1963,110000
1842,0.0,0.0,1,894,3,1981.0,1842,3,0.0,72,5,9,1842,1981,1987,385000
1360,0.0,3.0,0,572,1,1962.0,1360,2,0.0,50,5,5,384,1955,1955,130000
1425,0.0,3.0,0,576,2,1964.0,1425,2,272.0,0,5,6,1425,1964,1964,180500
983,756.0,3.0,0,480,3,1999.0,1739,3,456.0,0,5,8,970,1999,2000,172500
860,0.0,3.0,0,565,2,2004.0,1720,3,0.0,70,5,7,860,2004,2004,196500
1426,1519.0,3.0,1,641,3,2006.0,2945,3,1031.0,0,5,10,1410,2006,2006,438780
780,0.0,2.0,3,352,1,1973.0,780,2,0.0,0,7,5,780,1972,1972,124900
1158,0.0,3.0,0,576,1,2006.0,1158,3,0.0,50,5,6,1158,2004,2004,158000
581,530.0,3.0,0,288,1,1935.0,1111,1,0.0,0,7,5,530,1920,1996,101000
1370,0.0,2.0,2,484,2,2006.0,1370,3,178.0,49,5,8,1370,2006,2006,202500
902,808.0,3.0,0,480,1,1990.0,1710,2,0.0,11,6,7,576,1921,1950,140000
1057,977.0,3.0,0,645,2,1998.0,2034,3,573.0,36,5,7,1057,1997,1998,219500
1143,1330.0,4.0,3,852,1,2004.0,2473,3,344.0,151,5,8,1143,2004,2005,317000
2207,0.0,3.0,1,576,2,1970.0,2207,2,287.0,0,5,7,1947,1970,1989,180000
1479,0.0,3.0,3,558,2,2003.0,1479,3,167.0,29,5,7,1453,2003,2003,226000
747,0.0,2.0,0,220,1,1945.0,747,2,0.0,0,6,4,747,1945,1950,80000
1304,983.0,3.0,0,667,3,1953.0,2287,2,0.0,21,4,7,1304,1953,1953,225000
2223,0.0,3.0,1,516,3,1973.0,2223,2,1115.0,0,6,7,2223,1973,1973,244000
845,0.0,2.0,0,360,1,1987.0,845,2,0.0,0,6,4,845,1982,2006,129500
885,833.0,3.0,0,427,3,1998.0,1718,2,40.0,94,5,7,832,1998,1998,185000
1086,0.0,3.0,0,490,1,1989.0,1086,2,104.0,0,7,5,1086,1954,2003,144900
840,765.0,3.0,0,379,1,1915.0,1605,2,0.0,0,6,3,840,1915,1950,107400
526,462.0,2.0,1,297,1,1973.0,988,2,0.0,101,5,4,462,1973,1973,91000
952,0.0,2.0,0,283,1,1956.0,952,2,0.0,0,7,4,952,1956,1956,135750
1072,213.0,2.0,0,240,1,1948.0,1285,2,0.0,0,5,5,672,1948,2001,127000
1768,0.0,4.0,0,0,1,1980.0,1768,2,0.0,0,5,4,1768,1968,1968,136500
682,548.0,2.0,0,440,1,1966.0,1230,2,0.0,0,6,5,440,1910,1981,110000
1182,960.0,3.0,0,509,3,1968.0,2142,3,576.0,72,6,6,896,1968,1968,193500
1337,0.0,2.0,0,405,3,1998.0,1337,2,443.0,199,5,6,1237,1998,1998,153500
1563,0.0,3.0,0,758,2,2007.0,1563,3,468.0,99,5,8,1563,2007,2007,245000
1065,0.0,3.0,0,461,1,1974.0,1065,2,66.0,0,5,5,1065,1960,1960,126500
804,670.0,3.0,0,400,3,1995.0,1474,2,22.0,72,5,7,384,1995,1996,168500
1301,1116.0,4.0,0,462,1,1991.0,2417,3,284.0,82,5,8,1288,1991,1992,260000
684,876.0,3.0,3,400,3,2005.0,1560,3,0.0,38,5,6,684,2005,2005,174000
612,612.0,3.0,3,528,2,2009.0,1224,3,76.0,234,5,6,612,2009,2009,164500
1013,0.0,2.0,0,0,1,1980.0,1526,1,0.0,0,2,3,1013,1915,1982,85000
990,0.0,3.0,0,0,1,1980.0,990,2,0.0,0,5,4,990,1994,1995,123600
1040,0.0,2.0,0,420,1,1950.0,1040,2,0.0,29,5,4,0,1950,1950,109900
1235,0.0,2.0,0,480,1,1961.0,1235,2,203.0,0,3,5,1235,1961,1961,98600
964,0.0,2.0,0,432,1,1921.0,964,2,0.0,0,7,5,876,1921,2006,163500
1260,1031.0,4.0,2,506,1,1900.0,2291,2,0.0,0,6,6,1214,1910,1998,133900
905,881.0,3.0,0,684,2,1997.0,1786,3,0.0,162,5,6,824,1997,1997,204750
680,790.0,3.0,0,420,3,1993.0,1470,2,68.0,63,8,6,680,1993,1993,185000
1588,0.0,3.0,3,472,2,1999.0,1588,3,183.0,29,5,7,1588,1999,1999,214000
960,0.0,3.0,0,432,3,1965.0,960,2,48.0,0,5,4,960,1965,1965,94750
835,0.0,2.0,0,366,1,1920.0,835,2,0.0,0,5,5,458,1920,1950,83000
1225,0.0,3.0,0,0,1,1980.0,1225,2,0.0,0,5,4,950,1959,1959,128950
1610,0.0,3.0,2,480,2,1977.0,1610,3,28.0,68,7,6,1610,1977,2001,205000
977,755.0,3.0,0,476,3,1985.0,1732,3,336.0,46,5,6,741,1985,1985,178000
1535,0.0,4.0,0,410,1,1979.0,1535,2,0.0,0,5,5,0,1979,1979,118964
1226,0.0,3.0,0,740,2,2009.0,1226,3,0.0,36,5,7,1226,2009,2009,198900
1226,592.0,4.0,0,240,1,1951.0,1818,2,600.0,0,4,7,1040,1931,1950,169500
1053,0.0,3.0,0,648,2,2003.0,1992,3,768.0,45,5,8,1053,2003,2004,250000
1047,0.0,2.0,0,273,1,1954.0,1047,2,0.0,0,7,4,641,1885,1995,100000
789,0.0,2.0,0,250,1,1948.0,789,2,0.0,0,5,5,789,1948,1950,115000
997,0.0,3.0,0,0,1,1980.0,1517,1,0.0,0,7,5,793,1919,2005,115000
1844,0.0,3.0,0,546,2,1977.0,1844,2,480.0,122,6,6,1844,1977,1977,190000
1216,639.0,4.0,0,325,1,1954.0,1855,2,0.0,0,4,6,994,1954,1972,136900
774,656.0,3.0,0,400,3,2000.0,1430,2,0.0,0,5,7,384,2000,2000,180000
1282,1414.0,4.0,3,792,1,2007.0,2696,4,220.0,184,5,7,1264,2007,2007,383970
2259,0.0,3.0,2,450,1,1953.0,2259,3,184.0,120,5,6,1809,1953,1953,217000
1436,884.0,3.0,0,180,1,1945.0,2320,3,0.0,0,8,6,1028,1945,2002,259500
729,729.0,2.0,0,440,1,1999.0,1458,2,1129.0,32,5,6,729,1999,1999,176000
1092,0.0,3.0,0,288,1,1962.0,1092,2,116.0,20,5,5,1092,1962,1962,139000
1125,0.0,2.0,0,430,1,2007.0,1125,2,0.0,64,5,5,1125,2006,2007,155000
1699,1523.0,5.0,2,594,1,1990.0,3222,3,0.0,0,5,7,1673,1990,1990,320000
728,728.0,3.0,0,390,3,2005.0,1456,3,0.0,24,5,6,728,2005,2006,163990
988,0.0,1.0,1,540,1,1969.0,988,2,0.0,130,5,6,938,1969,1969,180000
772,351.0,3.0,0,264,1,1979.0,1123,2,0.0,0,5,4,732,1939,1950,100000
1080,0.0,3.0,0,288,1,1958.0,1080,2,135.0,0,7,6,1080,1958,1958,136000
1199,0.0,2.0,0,530,2,1993.0,1199,3,0.0,63,5,6,1199,1993,1993,153900
1586,0.0,3.0,0,435,1,1979.0,1586,2,0.0,0,5,6,1362,1979,1998,181000
520,0.0,2.0,3,0,1,1980.0,754,2,0.0,0,8,6,520,1935,1982,84500
958,0.0,2.0,0,440,2,1977.0,958,2,0.0,205,5,6,1078,1976,1976,128000
840,0.0,3.0,0,0,1,1980.0,840,2,0.0,0,7,5,672,1930,1950,87000
660,688.0,3.0,0,453,2,1966.0,1348,2,266.0,108,5,6,660,1966,1966,155000
1053,0.0,3.0,0,750,2,1998.0,1053,4,85.0,80,7,5,1008,1958,1991,150000
1216,941.0,4.0,0,487,1,1966.0,2157,3,309.0,66,6,7,924,1966,1966,226000
1022,1032.0,3.0,0,390,2,2000.0,2054,3,40.0,48,5,6,992,2000,2000,244000
1327,0.0,3.0,0,624,1,1974.0,1327,3,0.0,0,6,5,1063,1959,2002,150750
1296,0.0,2.0,0,471,3,2001.0,1296,3,136.0,25,5,8,1267,2001,2002,220000
1721,0.0,3.0,0,440,2,1968.0,1721,2,0.0,96,6,5,1461,1968,1993,180000
1682,0.0,3.0,0,530,1,1970.0,1682,2,288.0,0,6,7,1304,1970,1970,174000
1214,0.0,3.0,0,318,2,1967.0,1214,2,196.0,111,5,5,1214,1967,1967,143000
1959,0.0,5.0,0,766,1,1989.0,1959,2,70.0,0,5,7,1907,1988,1989,171000
1004,848.0,3.0,2,660,3,1999.0,1852,3,320.0,106,5,8,1004,1999,2000,230000
928,836.0,3.0,0,470,2,1997.0,1764,3,0.0,99,5,6,928,1997,1997,231500
864,0.0,3.0,0,0,1,1980.0,864,2,0.0,0,5,4,864,1971,1971,115000
1734,0.0,3.0,3,660,1,2005.0,1734,3,0.0,24,5,7,1734,2005,2005,260000
910,0.0,4.0,0,720,1,2000.0,1385,2,0.0,0,4,5,910,1952,1952,166000
1501,0.0,3.0,1,577,2,1999.0,1501,3,183.0,29,5,7,1490,1999,1999,204000
1728,0.0,6.0,0,504,1,1963.0,1728,2,336.0,0,5,5,1728,1963,1963,125000
970,739.0,3.0,0,380,1,2004.0,1709,3,50.0,40,5,6,970,2004,2006,130000
875,0.0,2.0,0,180,1,1931.0,875,2,0.0,0,7,5,715,1931,1993,105000
884,1151.0,3.0,0,434,3,2001.0,2035,3,180.0,48,5,7,884,2001,2001,222500
1080,0.0,3.0,0,0,1,1980.0,1080,3,120.0,0,5,7,1080,2004,2005,141000
896,448.0,3.0,0,240,1,1936.0,1344,2,0.0,114,4,5,896,1936,1950,115000
969,0.0,3.0,3,440,1,1975.0,969,2,0.0,0,6,5,969,1975,1975,122000
1710,0.0,2.0,1,866,2,2007.0,1710,3,436.0,102,5,8,1710,2007,2008,372402
1097,896.0,4.0,0,495,2,1971.0,1993,2,252.0,66,5,6,825,1971,1971,190000
1252,0.0,1.0,1,564,2,1960.0,1252,2,0.0,0,7,6,1602,1960,1975,235000
1200,0.0,4.0,0,312,1,1923.0,1200,2,0.0,0,5,6,1200,1923,1950,125000
572,524.0,2.0,0,0,1,1980.0,1096,2,0.0,8,5,6,572,1924,1950,79000
1040,0.0,2.0,0,625,1,1950.0,1040,2,0.0,0,7,5,0,1950,1950,109500
774,1194.0,4.0,0,680,3,2009.0,1968,4,84.0,75,5,8,774,2009,2010,269500
991,956.0,3.0,0,678,2,2004.0,1947,3,0.0,136,5,7,991,2004,2005,254900
1392,1070.0,4.0,2,576,2,2006.0,2462,3,456.0,132,5,7,1392,2005,2006,320000
1232,0.0,3.0,0,516,1,1984.0,1232,2,0.0,0,6,6,1232,1984,1984,162500
1572,1096.0,3.0,3,726,3,2003.0,2668,4,664.0,0,5,9,1572,2003,2004,412500
1541,0.0,3.0,2,532,1,2005.0,1541,3,226.0,70,5,7,1541,2005,2005,220000
882,0.0,1.0,0,0,1,1980.0,882,2,0.0,0,6,4,882,1956,1956,103200
1149,467.0,3.0,2,216,1,1926.0,1616,3,0.0,0,7,6,1149,1926,2004,152000
808,547.0,4.0,0,0,1,1980.0,1355,2,0.0,0,7,5,644,1940,1999,127500
1867,0.0,2.0,0,303,3,1955.0,1867,2,0.0,0,5,5,1617,1955,1993,190000
1610,551.0,3.0,0,789,3,2007.0,2161,4,300.0,120,5,8,1582,2007,2007,325624
840,880.0,3.0,0,440,3,2004.0,1720,3,0.0,48,5,7,840,2004,2004,183500
1707,0.0,2.0,0,511,2,1981.0,1707,2,653.0,64,6,8,1686,1981,1981,228000
854,0.0,2.0,0,660,1,1991.0,1382,2,0.0,0,6,5,720,1941,1950,128500
1656,0.0,3.0,1,528,3,1960.0,1656,2,112.0,62,5,6,1080,1960,1960,215000
1064,703.0,2.0,0,504,2,1987.0,1767,3,0.0,35,7,7,1064,1987,1987,239000
1362,0.0,3.0,0,504,1,1961.0,1362,2,491.0,20,5,6,1362,1961,1961,163000
1651,0.0,3.0,0,616,3,1986.0,1651,2,132.0,0,5,6,1606,1986,1986,184000
2158,0.0,4.0,3,576,1,1950.0,2158,3,0.0,29,7,6,1202,1950,2001,243000
1164,896.0,4.0,0,521,1,1988.0,2060,2,268.0,228,5,6,1151,1988,1989,211000
1252,668.0,4.0,0,451,1,1958.0,1920,3,0.0,0,5,5,1052,1958,1958,172500
2234,0.0,1.0,0,1166,3,2009.0,2234,4,748.0,60,5,9,2216,2008,2009,501837
968,0.0,2.0,0,480,1,1935.0,968,2,0.0,0,6,5,968,1923,2006,100000
769,756.0,3.0,0,440,1,2000.0,1525,3,456.0,0,5,6,756,2000,2000,177000
901,901.0,4.0,0,216,1,1920.0,1802,2,0.0,0,6,7,793,1920,1950,200100
1340,0.0,3.0,0,252,1,1957.0,1340,2,98.0,0,6,5,0,1957,2006,120000
1362,720.0,3.0,0,484,1,2003.0,2082,3,0.0,238,5,7,1362,2003,2003,200000
936,316.0,3.0,0,576,1,1986.0,1252,2,0.0,0,8,5,504,1908,1991,127000
1518,1518.0,4.0,2,840,1,1993.0,3608,4,0.0,260,9,10,1107,1892,1993,475000
1217,0.0,3.0,3,497,1,1990.0,1217,3,0.0,27,5,7,1188,1990,1991,173000
808,704.0,3.0,0,180,1,1916.0,1656,2,0.0,0,7,5,660,1916,1987,135000
1224,0.0,2.0,3,528,1,1979.0,1224,2,275.0,0,5,5,1086,1979,1979,153337
1593,0.0,0.0,3,682,3,2001.0,1593,4,0.0,120,5,8,1593,2001,2002,286000
1549,1178.0,3.0,0,440,1,1932.0,2727,3,0.0,74,8,8,853,1932,1994,315000
725,754.0,4.0,0,484,3,1972.0,1479,3,138.0,32,9,7,725,1972,2004,184000
1431,0.0,3.0,3,666,3,1999.0,1431,3,0.0,35,5,7,1431,1999,1999,192000
970,739.0,3.0,0,380,1,2004.0,1709,3,50.0,40,5,7,970,2004,2004,130000
864,0.0,3.0,3,352,1,1989.0,864,2,0.0,0,7,5,864,1972,1972,127000
855,0.0,3.0,0,440,1,1976.0,1456,2,0.0,0,6,6,855,1976,1976,148500
1726,0.0,3.0,0,786,1,2007.0,1726,4,205.0,138,5,7,1726,2007,2007,311872
1360,1360.0,3.0,0,795,1,1918.0,3112,3,0.0,16,4,8,1360,1918,1990,235000
929,929.0,5.0,0,0,1,1980.0,2229,2,0.0,198,6,6,755,1912,1950,104000
1713,0.0,3.0,3,856,3,2004.0,1713,4,262.0,26,5,8,1713,2004,2005,274900
1121,0.0,2.0,0,440,2,2003.0,1121,2,0.0,64,5,4,1121,2003,2004,140000
1279,0.0,3.0,0,473,1,1980.0,1279,2,0.0,83,6,6,1196,1977,1977,171500
865,445.0,2.0,0,398,1,1924.0,1310,2,0.0,0,6,6,617,1924,1950,112000
848,0.0,1.0,3,420,2,2004.0,848,3,205.0,0,5,6,848,2004,2004,149000
720,564.0,2.0,0,240,1,1948.0,1284,2,0.0,35,7,5,720,1947,1950,110000
1442,0.0,3.0,0,500,1,1990.0,1442,2,0.0,34,5,7,1424,1990,1990,180500
1696,0.0,3.0,0,349,1,1962.0,1696,2,0.0,30,5,5,1140,1962,1962,143900
1100,0.0,3.0,0,312,2,1960.0,1100,2,0.0,0,5,4,1100,1960,1960,141000
1180,0.0,3.0,1,454,1,1988.0,2062,2,128.0,55,5,7,1157,1988,1989,277000
1092,0.0,3.0,0,504,2,1964.0,1092,2,260.0,0,7,6,1092,1964,1964,145000
864,0.0,2.0,0,0,1,1980.0,864,2,0.0,0,6,5,864,1925,1950,98000
1212,0.0,3.0,2,460,2,2009.0,1212,3,0.0,22,5,6,1212,2009,2009,186000
932,920.0,3.0,0,644,2,2009.0,1852,3,0.0,108,5,7,900,2009,2009,252678
990,0.0,3.0,0,576,1,1996.0,990,2,0.0,0,5,5,990,1995,1995,156000
689,703.0,3.0,0,299,3,1977.0,1392,2,153.0,36,7,6,689,1977,1977,161750
1236,0.0,2.0,0,447,1,1957.0,1236,3,64.0,0,6,5,1070,1957,1996,134450
1436,0.0,3.0,2,484,1,2004.0,1436,3,266.0,98,5,7,1436,2004,2004,210000
810,518.0,3.0,0,210,1,1940.0,1328,2,0.0,172,4,4,686,1925,1950,107000
1137,817.0,3.0,0,431,1,1939.0,1954,3,312.0,119,9,7,798,1939,2006,311500
1248,0.0,2.0,3,438,3,2005.0,1248,3,16.0,0,5,7,1248,2005,2006,167240
1498,0.0,2.0,2,675,1,2006.0,1498,3,0.0,33,5,7,1498,2006,2006,204900
1010,1257.0,4.0,0,390,2,2002.0,2267,3,0.0,46,5,6,1010,2002,2002,200000
811,741.0,3.0,0,434,2,1975.0,1552,2,0.0,208,6,6,713,1975,1975,179900
864,0.0,2.0,0,576,1,1989.0,864,2,0.0,0,6,4,864,1971,1971,97000
2392,0.0,3.0,1,968,3,2003.0,2392,4,922.0,105,5,10,2392,2003,2003,386250
630,672.0,3.0,0,280,1,1991.0,1302,2,142.0,0,5,5,630,1971,1971,112000
1214,1306.0,4.0,0,721,1,1995.0,2520,3,290.0,114,5,7,1203,1995,1995,290000
483,504.0,3.0,0,280,1,1987.0,987,2,127.0,0,6,6,483,1970,1970,106000
912,0.0,3.0,0,336,1,1974.0,912,2,0.0,0,5,5,912,1967,1967,125000
1555,0.0,2.0,3,430,3,2005.0,1555,3,16.0,20,5,7,1373,2005,2006,192500
1194,0.0,3.0,0,312,2,1959.0,1194,2,220.0,0,6,6,1194,1959,1959,148000
1490,1304.0,4.0,0,810,3,1995.0,2794,4,506.0,146,5,8,1462,1995,1996,403000
483,504.0,2.0,0,288,1,1972.0,987,2,297.0,0,5,6,483,1972,1972,94500
894,0.0,3.0,3,308,1,1976.0,894,2,0.0,0,6,5,894,1976,1976,128200
860,1100.0,4.0,0,440,3,2002.0,1960,3,103.68526170798899,48,5,6,860,2002,2002,216500
483,0.0,2.0,0,264,1,1971.0,987,2,604.0,0,3,6,483,1971,1971,89500
1414,0.0,3.0,3,494,2,2004.0,1414,3,98.0,105,5,7,1414,2004,2004,185500
1014,730.0,3.0,0,457,2,1993.0,1744,3,0.0,70,7,7,996,1993,2003,194500
1694,0.0,3.0,0,818,3,2007.0,1694,3,254.0,228,5,8,1694,2007,2007,318000
798,0.0,3.0,0,220,1,1949.0,1487,2,0.0,140,4,6,735,1945,1950,113000
1566,0.0,3.0,3,750,2,2008.0,1566,3,36.0,168,5,8,1566,2008,2008,262500
866,0.0,2.0,0,0,1,1980.0,866,3,0.0,42,9,5,686,1945,1997,110500
889,551.0,3.0,0,352,1,1940.0,1440,2,0.0,0,4,5,540,1900,1950,79000
626,591.0,3.0,0,288,2,1980.0,1217,2,0.0,28,6,6,626,1980,1980,120000
1222,888.0,3.0,0,463,2,1994.0,2110,3,0.0,130,5,7,948,1994,2002,205000
1872,0.0,3.0,3,604,1,1988.0,1872,2,102.0,39,5,7,1845,1988,1988,241500
908,1020.0,4.0,0,440,1,1910.0,1928,1,0.0,60,8,6,1020,1910,1950,137000
1375,0.0,2.0,0,451,1,1954.0,1375,2,0.0,30,5,6,1367,1954,1954,140000
840,828.0,3.0,0,500,2,2003.0,1668,3,101.0,68,5,7,840,2003,2003,180000
1444,700.0,4.0,1,389,3,1958.0,2144,3,472.0,98,7,6,1444,1958,2006,277000
1306,0.0,3.0,0,0,1,1980.0,1306,1,0.0,0,2,3,728,1940,1966,76500
1625,0.0,2.0,1,538,1,2006.0,1625,3,481.0,0,5,8,1573,2006,2007,235000
798,842.0,3.0,0,520,2,2004.0,1640,3,0.0,45,5,6,798,2004,2004,173000
1302,0.0,3.0,1,309,2,1964.0,1302,3,108.0,0,7,6,1302,1964,1991,158000
1314,0.0,3.0,0,294,2,1957.0,1314,2,0.0,0,6,5,1314,1957,1957,145000
1005,1286.0,4.0,0,429,3,1999.0,2291,3,302.0,0,5,7,975,1999,1999,230000
864,864.0,3.0,0,673,2,2003.0,1728,3,0.0,56,5,6,864,2003,2003,207500
1604,0.0,3.0,0,660,2,2006.0,1604,3,180.0,110,5,7,1604,2006,2006,220000
963,829.0,3.0,0,564,2,2001.0,1792,3,172.0,96,5,7,963,2001,2001,231500
882,0.0,2.0,0,308,1,1956.0,882,2,0.0,45,5,5,0,1956,1956,97000
1382,0.0,3.0,1,884,1,1991.0,1382,2,399.0,0,5,6,1362,1962,1962,176000
1482,1092.0,3.0,0,868,3,2007.0,2574,4,270.0,148,5,8,1482,2007,2007,276000
1212,0.0,3.0,3,492,1,1978.0,1212,2,46.0,12,7,6,506,1977,1995,151000
926,0.0,3.0,0,484,1,1974.0,1316,2,0.0,0,7,5,926,1929,2001,130000
764,0.0,2.0,0,504,1,1965.0,764,2,0.0,0,5,5,680,1925,2004,73000
1422,0.0,3.0,0,576,3,1981.0,1422,3,210.0,0,6,6,1422,1981,1981,175500
802,709.0,3.0,3,413,3,1997.0,1511,2,0.0,75,5,6,802,1997,1997,185000
1052,720.0,4.0,0,240,1,1939.0,2192,3,0.0,24,8,5,720,1939,1997,179500
778,0.0,2.0,0,924,1,1966.0,778,2,0.0,25,6,5,740,1940,1955,120500
1113,0.0,3.0,0,504,2,1987.0,1113,2,174.0,30,7,6,1143,1976,1976,148000
1095,844.0,3.0,2,1053,2,2006.0,1939,3,0.0,51,5,8,1095,2006,2006,266000
1363,0.0,2.0,1,439,1,1954.0,1363,2,0.0,0,7,7,1385,1954,2005,241500
1164,1106.0,4.0,0,671,3,1999.0,2270,3,348.0,57,7,8,1152,1999,2007,290000
1632,0.0,3.0,0,338,2,1958.0,1632,2,183.0,0,6,6,1240,1958,1988,139000
816,0.0,3.0,1,264,1,1982.0,816,2,0.0,0,7,5,816,1982,1982,124500
952,596.0,3.0,0,672,1,1978.0,1548,4,0.0,0,7,7,952,1925,2007,205000
1560,0.0,3.0,0,573,3,2003.0,1560,3,0.0,150,5,7,1560,2003,2003,201000
864,0.0,2.0,0,400,1,1951.0,864,2,0.0,0,5,4,864,1951,1951,141000
2121,0.0,3.0,1,732,3,2007.0,2121,4,315.0,98,5,9,2121,2006,2007,415298
1156,866.0,4.0,0,505,3,1977.0,2022,2,299.0,117,5,7,1160,1977,1977,192000
1175,807.0,3.0,3,575,1,1989.0,1982,3,340.0,84,6,7,807,1989,1989,228500
1262,0.0,3.0,0,572,1,2006.0,1262,3,68.0,120,5,6,1262,2006,2006,185000
1314,0.0,2.0,0,626,2,2008.0,1314,3,166.0,62,5,7,1314,2007,2008,207500
1468,0.0,3.0,0,898,3,2008.0,1468,3,72.0,150,5,8,1468,2008,2009,244600
1575,0.0,3.0,0,529,2,1992.0,1575,3,0.0,0,5,6,1575,1992,1992,179200
625,625.0,2.0,0,528,2,2006.0,1250,3,0.0,54,5,7,625,2006,2007,164700
1085,649.0,3.0,0,440,1,1962.0,1734,3,0.0,0,7,6,912,1962,1981,159000
858,0.0,3.0,0,0,1,1980.0,858,2,0.0,0,4,4,858,1971,1971,88000
900,0.0,3.0,0,280,1,1970.0,900,2,31.0,0,5,5,882,1967,1967,122000
698,698.0,3.0,0,384,1,2003.0,1396,2,0.0,0,7,6,698,1915,2003,153575
1079,840.0,3.0,3,685,2,2006.0,1919,3,0.0,51,5,8,1079,2006,2006,233230
936,780.0,6.0,0,0,1,1980.0,1716,1,0.0,184,6,5,780,1912,2000,135900
1148,568.0,3.0,0,281,1,1949.0,1716,2,0.0,0,4,5,768,1949,2008,131000
1468,795.0,3.0,0,539,3,1977.0,2263,3,34.0,250,7,7,795,1977,1994,235000
1644,0.0,3.0,0,418,3,1953.0,1644,2,238.0,0,5,6,1416,1953,1953,167000
1003,0.0,3.0,3,588,1,1984.0,1003,2,0.0,0,6,6,1003,1984,1984,142500
910,648.0,4.0,0,282,1,1950.0,1558,2,0.0,0,5,5,910,1950,1950,152000
975,975.0,3.0,0,576,2,1997.0,1950,3,1600.0,10,5,7,975,1997,1998,239000
1041,702.0,3.0,0,539,1,1968.0,1743,2,365.0,0,6,6,702,1968,1968,175000
1152,0.0,3.0,0,300,1,1950.0,1152,3,0.0,36,8,6,1092,1950,2004,158500
1336,0.0,2.0,2,375,1,1953.0,1336,2,56.0,0,5,5,1165,1953,1953,157000
1210,1242.0,4.0,0,683,3,1998.0,2452,3,0.0,50,5,8,1028,1998,1999,267000
1541,0.0,3.0,0,843,2,2001.0,1541,3,150.0,81,5,7,1541,2001,2002,205000
894,0.0,3.0,0,552,1,1975.0,894,2,0.0,0,7,5,894,1972,1972,149900
1675,1818.0,3.0,0,870,1,2003.0,3493,3,0.0,0,9,7,1470,1880,2002,295000
2000,0.0,3.0,0,888,1,2004.0,2000,3,246.0,0,5,8,2000,2004,2005,305900
1122,1121.0,4.0,0,746,2,1990.0,2243,3,246.0,44,5,7,700,1990,1991,225000
1035,371.0,3.0,0,0,1,1980.0,1406,1,0.0,144,7,6,319,1920,1950,89500
861,0.0,1.0,0,539,1,1961.0,861,2,0.0,0,5,4,861,1940,1950,82500
1944,0.0,3.0,1,708,3,2003.0,1944,4,0.0,175,5,9,1896,2003,2004,360000
697,804.0,3.0,0,420,3,1993.0,1501,3,112.0,63,5,6,697,1993,1994,165600
972,0.0,2.0,0,240,1,1948.0,972,2,0.0,0,6,6,972,1948,2002,132000
793,325.0,3.0,2,410,1,1939.0,1118,2,0.0,0,7,5,793,1939,1950,119900
2036,0.0,3.0,1,513,2,1965.0,2036,2,0.0,0,5,7,2136,1965,1965,375000
832,809.0,3.0,0,546,1,1925.0,1641,4,0.0,0,7,7,728,1925,1990,178000
716,716.0,3.0,0,432,3,2004.0,1432,3,0.0,51,5,7,716,2004,2005,188500
1153,0.0,4.0,0,484,2,1983.0,2353,4,278.0,195,7,7,845,1980,1980,260000
1088,871.0,3.0,3,1025,2,2006.0,1959,3,0.0,46,5,8,1088,2006,2006,270000
1372,1274.0,3.0,1,656,2,1993.0,2646,3,256.0,60,5,7,1347,1993,1993,260000
1472,0.0,3.0,3,588,1,1980.0,1472,2,225.0,48,5,7,1372,1980,1980,187500
1249,1347.0,4.0,3,840,2,2006.0,2596,3,370.0,154,5,9,1249,2006,2006,342643
1136,1332.0,4.0,3,872,1,2004.0,2468,3,388.0,154,5,8,1136,2004,2004,354000
1553,1177.0,4.0,1,576,1,1987.0,2730,3,172.0,96,5,7,1502,1986,1987,301000
1163,0.0,3.0,0,220,1,1955.0,1163,2,0.0,98,8,3,1162,1955,2005,126175
1898,1080.0,5.0,0,564,3,1961.0,2978,3,300.0,0,7,7,710,1967,2007,242000
803,0.0,2.0,3,360,1,1941.0,803,2,0.0,0,6,5,720,1941,1950,87000
1719,0.0,1.0,1,473,3,1993.0,1719,3,0.0,30,5,8,1719,1993,1993,324000
1383,0.0,3.0,0,292,1,1960.0,1383,2,175.0,45,5,6,1383,1960,1960,145250
1445,689.0,5.0,0,441,1,1930.0,2134,3,0.0,60,6,6,844,1916,1994,214500
596,596.0,3.0,2,189,1,1920.0,1192,2,0.0,0,5,5,596,1920,1950,78000
1728,0.0,6.0,0,352,1,2002.0,1728,2,84.0,0,4,5,1728,1964,1964,119000
1056,0.0,3.0,0,308,2,1958.0,1056,2,0.0,0,6,5,1056,1958,1992,139000
1629,0.0,3.0,0,880,1,2003.0,1629,3,296.0,0,5,8,3206,2003,2004,284000
1358,0.0,2.0,3,484,2,2004.0,1358,3,146.0,30,5,7,1358,2004,2004,207000
943,0.0,3.0,1,472,3,1998.0,1638,2,0.0,38,5,6,943,1998,1998,192000
1619,167.0,3.0,1,529,3,1965.0,1786,2,0.0,0,6,5,1499,1965,1965,228950
1922,0.0,3.0,1,676,3,2005.0,1922,3,200.0,51,5,9,1922,2005,2006,377426
1536,0.0,3.0,3,532,2,2002.0,1536,3,113.0,74,5,7,1536,2002,2003,214000
1621,0.0,3.0,2,440,1,1984.0,1621,3,0.0,45,7,7,1208,1984,1998,202500
1215,0.0,3.0,0,297,1,1958.0,1215,2,176.0,0,7,6,1215,1958,1998,155000
993,915.0,4.0,0,431,3,2002.0,1908,3,0.0,0,5,8,967,2002,2002,202900
841,0.0,2.0,0,294,1,1950.0,841,2,0.0,0,4,4,721,1950,1950,82000
1040,0.0,2.0,0,400,1,1949.0,1040,2,340.0,0,4,3,0,1949,1950,87500
1684,0.0,2.0,0,564,2,2005.0,1684,4,616.0,72,5,9,1684,2005,2005,266000
536,576.0,3.0,0,336,1,1976.0,1112,2,0.0,0,3,5,536,1976,1976,85000
972,605.0,3.0,0,312,1,1939.0,1577,1,0.0,0,5,6,972,1939,1950,140200
958,0.0,2.0,2,301,2,1960.0,958,2,0.0,0,8,6,958,1960,1998,151500
1478,0.0,3.0,0,498,1,1960.0,1478,2,30.0,40,5,6,1478,1960,1960,157500
764,862.0,2.0,0,474,2,2003.0,1626,3,106.0,27,5,7,764,2003,2004,154000
1848,880.0,4.0,0,706,3,2006.0,2728,4,870.0,0,5,9,1848,2005,2006,437154
1869,0.0,2.0,0,617,2,2007.0,1869,4,362.0,54,5,9,1869,2007,2007,318061
1453,0.0,3.0,1,445,2,1986.0,1453,3,0.0,80,5,7,1453,1986,1986,190000
616,495.0,3.0,2,200,1,1941.0,1111,2,0.0,0,6,5,616,1941,1950,95000
720,0.0,2.0,0,484,1,2005.0,720,2,0.0,0,8,6,624,1928,2003,105900
1192,403.0,2.0,0,240,1,1940.0,1595,2,0.0,0,5,6,940,1940,2000,140000
1200,0.0,3.0,0,521,2,1995.0,1200,3,0.0,26,5,6,1200,1995,1995,177500
1167,0.0,3.0,0,400,2,1992.0,1167,3,106.0,26,6,6,1158,1992,1992,173000
1142,0.0,3.0,0,528,3,1976.0,1142,2,0.0,90,5,5,1142,1976,1976,134000
1352,0.0,3.0,3,288,1,1958.0,1352,3,120.0,0,4,5,1062,1958,1958,130000
1086,838.0,3.0,3,592,2,1998.0,1924,3,530.0,75,5,8,1086,1998,1998,280000
912,0.0,2.0,3,470,2,1978.0,912,2,0.0,0,6,6,888,1978,1978,156000
988,517.0,3.0,0,240,1,1940.0,1505,2,0.0,0,5,5,883,1940,1982,145000
495,1427.0,4.0,0,672,2,2003.0,1922,3,500.0,0,5,7,0,2003,2003,198500
483,504.0,3.0,0,264,1,1972.0,987,3,510.0,0,8,6,483,1972,2007,118000
790,784.0,3.0,2,566,3,1976.0,1574,2,120.0,111,5,6,796,1976,1976,190000
672,672.0,3.0,0,468,1,1964.0,1344,2,0.0,128,7,5,672,1920,1997,147000
1394,0.0,3.0,0,514,2,1963.0,1394,2,247.0,76,5,6,1394,1963,1963,159000
1431,0.0,3.0,1,296,2,1962.0,1431,2,305.0,110,5,6,1099,1962,1962,165000
1268,0.0,2.0,0,244,3,1954.0,1268,2,200.0,98,6,5,1268,1954,1954,132000
1287,0.0,3.0,0,576,3,1997.0,1287,3,0.0,17,7,5,1063,1959,2006,162000
953,711.0,3.0,0,460,2,2000.0,1664,2,0.0,40,5,6,953,2000,2000,172400
1120,468.0,4.0,0,680,3,1991.0,1588,2,0.0,59,4,4,0,1959,1959,134432
752,0.0,2.0,0,264,1,1984.0,752,2,0.0,0,5,6,744,1984,1984,125000
1319,0.0,3.0,0,270,1,1953.0,1319,2,0.0,0,6,5,608,1953,1953,123000
847,1081.0,4.0,0,434,3,2003.0,1928,3,0.0,48,5,7,847,2003,2004,219500
904,0.0,1.0,1,0,1,1980.0,904,1,0.0,0,1,1,683,1922,1950,61000
914,0.0,2.0,3,576,1,1998.0,914,2,0.0,0,5,5,870,1996,1996,148000
1580,886.0,4.0,0,610,2,2004.0,2466,3,0.0,214,5,8,1580,2004,2005,340000
1856,0.0,1.0,3,834,3,2010.0,1856,4,350.0,0,2,9,1856,2010,2010,394432
1007,793.0,3.0,0,463,3,2000.0,1800,2,16.0,63,5,6,982,2000,2000,179000
1026,665.0,3.0,0,308,1,1924.0,1691,3,0.0,0,6,5,1026,1924,1950,127000
1301,0.0,2.0,0,572,2,2006.0,1301,3,0.0,121,5,7,1293,2006,2006,187750
939,858.0,3.0,3,639,1,2006.0,1797,3,0.0,53,5,7,939,2006,2006,213500
784,0.0,2.0,0,360,1,1950.0,784,2,0.0,0,3,6,784,1928,1950,76000
1079,874.0,3.0,3,501,3,1992.0,1953,3,0.0,231,5,6,1580,1992,1992,240000
1269,0.0,2.0,0,430,3,2004.0,1269,3,16.0,20,5,8,1256,2004,2005,192000
658,526.0,5.0,0,0,1,1980.0,1184,2,0.0,151,3,5,658,1910,1996,81000
1125,0.0,3.0,3,352,1,1977.0,1125,2,255.0,0,6,6,1041,1976,1976,125000
1479,0.0,3.0,0,577,2,1999.0,1479,3,125.0,25,5,7,1468,1999,2000,191000
1742,590.0,3.0,3,846,3,2008.0,2332,4,272.0,134,5,10,1682,2007,2008,426000
961,406.0,4.0,0,384,1,1978.0,1367,2,0.0,130,8,5,861,1900,1950,119000
804,1157.0,3.0,0,560,3,2001.0,1961,3,0.0,192,5,6,804,2001,2002,215000
882,0.0,3.0,0,294,2,1959.0,882,2,0.0,0,7,5,0,1959,1959,106500
788,0.0,2.0,0,0,1,1980.0,788,2,0.0,0,5,4,788,1941,1950,100000
735,299.0,2.0,0,240,1,1940.0,1034,2,0.0,39,6,5,735,1940,1950,109000
1144,0.0,3.0,3,596,1,1956.0,1144,2,0.0,0,6,5,1144,1956,1956,129000
894,0.0,2.0,3,600,2,1985.0,894,2,0.0,0,5,5,894,1972,1972,123000
876,936.0,4.0,0,264,2,1962.0,1812,2,288.0,168,5,5,864,1962,1962,169500
1077,0.0,2.0,0,338,1,1920.0,1077,2,0.0,0,2,5,961,1920,1950,67000
1112,438.0,2.0,0,438,3,2007.0,1550,3,100.0,168,5,7,1092,2006,2007,241000
1288,0.0,1.0,0,500,3,1996.0,1288,4,0.0,30,5,8,1260,1996,1996,245500
1310,0.0,3.0,3,400,3,2005.0,1310,3,0.0,0,5,7,1310,2005,2005,164990
672,0.0,2.0,0,240,1,1940.0,672,2,0.0,0,8,5,672,1940,1997,108000
1165,0.0,4.0,0,420,3,1998.0,2263,3,650.0,123,5,8,1141,1998,1998,258000
806,766.0,3.0,0,373,3,1995.0,1572,2,0.0,40,5,6,806,1995,1996,168000
1620,0.0,3.0,0,490,1,1993.0,1620,2,0.0,78,4,4,1281,1976,1993,150000
1166,0.0,3.0,0,240,1,1936.0,1639,2,0.0,0,5,6,1064,1936,1950,115000
840,840.0,3.0,0,308,1,1960.0,1680,2,0.0,0,7,6,840,1915,1976,177000
1071,1101.0,3.0,0,947,2,2006.0,2172,3,350.0,62,5,7,1063,2006,2006,280000
1050,1028.0,3.0,0,836,3,2008.0,2078,4,100.0,102,5,8,1034,2007,2008,339750
1276,0.0,3.0,0,350,1,1958.0,1276,2,0.0,0,3,5,1276,1958,1958,60000
1056,0.0,3.0,2,572,3,1955.0,1056,2,0.0,0,5,5,1056,1955,1955,145000
1478,0.0,2.0,3,484,3,2009.0,1478,3,432.0,144,5,7,1470,2009,2009,222000
1028,0.0,2.0,0,360,1,1927.0,1028,2,0.0,0,6,5,1008,1927,1950,115000
1080,1017.0,3.0,0,678,1,1993.0,2097,3,0.0,187,5,7,1080,1993,1993,228000
1340,0.0,3.0,3,396,3,2007.0,1340,3,0.0,30,5,7,1340,2007,2007,181134
672,728.0,3.0,0,440,3,1978.0,1400,2,203.0,0,7,6,672,1978,1978,149500
1370,1254.0,4.0,0,864,1,1918.0,2624,2,0.0,0,6,6,1370,1918,1950,239000
756,378.0,3.0,0,240,1,1940.0,1134,2,0.0,0,6,5,756,1940,1950,126000
1056,0.0,3.0,0,304,1,1968.0,1056,2,0.0,85,6,5,1056,1968,1968,142000
1344,0.0,3.0,1,784,3,1997.0,1344,2,200.0,0,5,7,1344,1997,1998,206300
1602,0.0,3.0,0,529,3,1977.0,1602,3,126.0,0,7,6,1602,1977,2000,215000
988,0.0,2.0,0,520,2,1954.0,988,2,0.0,0,5,5,988,1954,1954,113000
1470,0.0,4.0,0,696,1,1998.0,2630,3,473.0,66,5,8,1470,1998,1998,315000
1196,0.0,2.0,0,297,2,1956.0,1196,2,74.0,44,5,6,1196,1956,1956,139000
707,682.0,3.0,0,240,1,1947.0,1389,2,0.0,0,8,7,651,1946,1992,135000
1644,0.0,2.0,1,569,3,1989.0,1644,3,145.0,0,5,7,1518,1989,1989,275000
907,0.0,3.0,0,352,1,1964.0,907,2,0.0,0,6,4,907,1957,1957,109008
1208,0.0,2.0,0,628,2,2007.0,1208,3,108.0,54,5,7,1208,2007,2007,195400
1412,0.0,3.0,2,576,1,1988.0,1412,3,0.0,0,5,6,1392,1988,1988,175000
483,504.0,2.0,0,264,1,1971.0,987,2,232.0,0,5,6,483,1971,1971,85400
1088,110.0,4.0,0,0,1,1980.0,1198,2,0.0,98,7,6,901,1920,1998,79900
765,600.0,2.0,0,440,1,1971.0,1365,2,376.0,36,5,5,765,1971,1971,122500
926,678.0,3.0,0,470,3,1997.0,1604,2,0.0,36,5,6,926,1997,1998,181000
630,0.0,1.0,3,0,1,1980.0,630,2,0.0,0,7,4,630,1972,1972,81000
827,834.0,3.0,3,550,2,1996.0,1661,3,0.0,61,6,7,799,1996,1996,212000
734,0.0,2.0,0,440,1,1990.0,1118,2,0.0,0,8,6,648,1920,1950,116000
904,0.0,2.0,0,180,1,1926.0,904,2,0.0,0,7,6,884,1926,2004,119000
694,0.0,3.0,0,352,1,1990.0,694,3,0.0,0,6,5,440,1913,2002,90350
684,512.0,3.0,2,528,1,2005.0,1196,3,0.0,46,8,6,684,1920,2000,110000
2402,0.0,2.0,1,672,3,2008.0,2402,4,200.0,72,5,10,3094,2008,2008,555000
1440,0.0,4.0,0,0,1,1980.0,1440,1,270.0,0,4,4,1440,1955,1955,118000
1128,445.0,3.0,0,360,1,1930.0,1573,2,0.0,0,7,5,1078,1930,1992,162900
1258,0.0,2.0,3,648,3,2007.0,1258,3,72.0,16,5,7,1258,2006,2007,172500
933,975.0,4.0,0,493,1,1994.0,1908,3,0.0,133,5,7,915,1994,1995,210000
1689,0.0,3.0,0,480,1,1956.0,1689,2,0.0,0,5,6,1436,1956,1956,127500
1888,0.0,2.0,0,578,3,1966.0,1888,3,0.0,0,6,6,1517,1966,2002,190000
956,930.0,3.0,0,431,3,1998.0,1886,3,0.0,0,5,7,930,1998,1999,199900
780,596.0,3.0,0,198,1,1937.0,1376,2,0.0,0,6,6,780,1937,1950,119500
679,504.0,2.0,0,308,1,1981.0,1183,2,0.0,176,7,3,649,1948,2002,120000
813,0.0,2.0,0,270,1,1932.0,813,3,0.0,113,8,6,813,1930,2005,110000
1533,0.0,2.0,1,576,1,1975.0,1533,3,0.0,54,5,7,1533,1975,1975,280000
888,868.0,3.0,0,422,3,1996.0,1756,2,42.0,122,5,6,872,1996,1997,204000
786,0.0,3.0,0,676,2,2008.0,1590,3,0.0,30,5,8,768,2008,2008,210000
1728,0.0,4.0,0,560,1,1976.0,1728,2,0.0,0,5,5,1728,1976,1976,188000
1242,0.0,3.0,0,528,1,1973.0,1242,2,320.0,0,6,7,1242,1973,1973,175500
624,720.0,4.0,0,513,1,1916.0,1344,2,0.0,0,5,5,624,1916,1950,98000
1663,0.0,2.0,1,529,1,1954.0,1663,3,0.0,137,6,4,1364,1954,1994,256000
833,833.0,3.0,0,228,1,1925.0,1666,3,0.0,63,7,8,588,1925,1996,161000
979,224.0,3.0,0,352,1,1950.0,1203,3,161.0,0,4,5,709,1950,1950,110000
832,1103.0,3.0,0,552,3,2009.0,1935,2,110.0,150,5,8,832,2009,2009,263435
575,560.0,3.0,0,576,2,1971.0,1135,3,0.0,0,9,7,560,1936,2007,155000
864,0.0,3.0,0,360,1,1965.0,864,2,0.0,0,5,5,864,1965,1965,62383
849,811.0,3.0,0,240,1,1939.0,1660,2,0.0,0,7,6,715,1934,1995,188700
1040,0.0,3.0,0,0,1,1980.0,1040,2,136.0,0,5,5,1040,1978,1978,124000
1414,0.0,2.0,0,398,3,2004.0,1414,3,18.0,20,5,7,1375,2004,2004,178740
1277,0.0,2.0,1,526,1,1970.0,1277,2,0.0,0,5,7,1277,1970,1970,167000
888,0.0,3.0,0,312,1,1942.0,1644,3,224.0,0,7,5,728,1942,1995,146500
1634,0.0,3.0,0,866,1,2006.0,1634,3,248.0,44,5,8,1626,2006,2006,250000
832,878.0,3.0,0,506,2,1993.0,1710,3,120.0,70,5,6,832,1993,1993,187000
1502,0.0,1.0,3,528,2,1985.0,1502,3,0.0,54,5,8,1488,1985,1985,212000
1161,808.0,3.0,0,534,2,1977.0,1969,2,0.0,0,6,7,808,1977,1977,190000
1072,0.0,2.0,1,525,1,2005.0,1072,2,80.0,28,5,6,547,2005,2005,148000
1976,0.0,2.0,1,908,2,2006.0,1976,3,304.0,63,5,8,1976,2006,2007,440000
1652,0.0,2.0,3,499,2,2000.0,1652,4,0.0,48,5,8,1494,2000,2000,251000
970,0.0,2.0,0,624,1,1996.0,970,2,0.0,24,6,5,970,1963,1963,132500
1493,0.0,3.0,1,508,3,1997.0,1493,3,215.0,39,5,6,1478,1997,1998,208900
2069,574.0,3.0,3,694,3,2006.0,2643,4,772.0,84,5,9,2153,2006,2006,380000
1718,0.0,3.0,1,826,2,2007.0,1718,3,336.0,44,5,8,1705,2007,2008,297000
1131,0.0,3.0,0,672,1,1995.0,1131,2,435.0,72,7,4,907,1937,2000,89471
1850,0.0,3.0,1,772,3,2004.0,1850,3,378.0,112,5,9,1833,2004,2005,326000
1792,0.0,2.0,1,874,3,2003.0,1792,4,562.0,49,5,9,1792,2003,2004,374000
916,0.0,4.0,0,164,1,1915.0,1826,4,0.0,0,8,7,910,1915,2005,155000
1216,0.0,2.0,0,402,1,1998.0,1216,2,116.0,125,5,6,1216,1998,1998,164000
999,0.0,3.0,0,264,1,1963.0,999,3,0.0,132,7,5,999,1962,2001,132500
1113,0.0,3.0,0,264,1,1950.0,1113,3,0.0,80,7,5,1113,1950,2007,147000
1073,0.0,3.0,0,515,2,1965.0,1073,2,168.0,0,7,5,1073,1965,1965,156000
1484,0.0,3.0,3,487,1,1971.0,1484,2,0.0,0,6,5,1484,1971,1971,175000
1766,648.0,3.0,0,520,1,1970.0,2414,2,0.0,0,4,5,954,1900,1970,160000
630,0.0,3.0,3,286,1,1970.0,630,3,0.0,0,8,4,630,1970,2002,86000
616,688.0,3.0,2,336,3,1976.0,1304,2,0.0,24,6,5,264,1976,1976,115000
958,620.0,3.0,0,240,1,1941.0,1578,1,0.0,0,7,6,806,1941,1950,133000
728,728.0,3.0,0,429,2,2006.0,1456,2,0.0,0,5,6,728,2006,2006,172785
1269,0.0,3.0,0,308,1,1964.0,1269,2,0.0,0,6,5,1269,1960,1960,155000
886,0.0,2.0,0,273,1,1938.0,886,2,0.0,20,8,5,190,1938,1996,91300
720,0.0,2.0,0,0,1,1980.0,720,2,0.0,523,5,4,720,1920,1950,34900
3228,0.0,3.0,0,546,1,1992.0,3228,3,0.0,75,5,8,3200,1992,1993,430000
1133,687.0,4.0,0,240,1,1925.0,1820,2,0.0,100,6,7,1026,1925,1950,184000
899,0.0,3.0,0,288,3,1967.0,899,3,89.0,0,7,5,864,1967,2004,130000
912,0.0,2.0,0,297,3,1958.0,912,2,0.0,285,7,5,912,1958,1985,120000
672,546.0,3.0,0,264,1,1973.0,1218,2,285.0,28,5,6,672,1973,1973,113000
866,902.0,3.0,0,603,2,2005.0,1768,3,0.0,108,5,7,866,2005,2005,226700
1214,0.0,2.0,0,461,1,1965.0,1214,2,0.0,0,7,5,1214,1965,1965,140000
1801,0.0,1.0,0,484,3,1959.0,1801,2,0.0,54,8,7,1501,1959,1997,289000
855,0.0,3.0,0,440,1,1974.0,1322,2,0.0,0,5,6,855,1974,1974,147000
960,1000.0,4.0,0,400,1,1952.0,1960,2,360.0,0,5,5,960,1952,1952,124500
1065,846.0,3.0,0,471,2,1993.0,1911,3,125.0,81,5,8,777,1993,1994,215000
1218,0.0,2.0,0,676,3,2009.0,1218,3,0.0,102,5,6,1218,2009,2009,208300
689,689.0,3.0,0,360,1,1928.0,1378,3,0.0,0,9,7,689,1928,2005,161000
1041,0.0,3.0,0,270,2,1959.0,1041,2,132.0,88,6,5,1041,1959,1959,124500
1363,0.0,2.0,0,288,1,1951.0,1363,2,70.0,42,7,5,1008,1951,2000,164900
1368,0.0,2.0,0,474,1,2005.0,1368,3,94.0,35,5,7,1368,2005,2006,202665
864,0.0,3.0,0,624,1,1964.0,864,2,0.0,0,5,5,864,1958,1958,129900
1080,0.0,3.0,0,484,1,1983.0,1080,2,0.0,0,5,6,1084,1983,1983,134000
789,0.0,2.0,0,200,1,1926.0,789,2,0.0,0,5,5,768,1926,1950,96500
2020,0.0,3.0,0,900,3,2009.0,2020,4,305.0,54,5,10,2006,2009,2009,402861
1378,741.0,3.0,0,583,1,1972.0,2119,2,333.0,104,6,6,689,1972,1972,158000
1277,1067.0,3.0,0,889,2,1996.0,2344,3,921.0,0,5,7,1264,1996,1997,265000
882,914.0,3.0,2,546,2,1998.0,1796,2,0.0,36,5,6,794,1998,1998,211000
1276,804.0,3.0,0,282,1,1926.0,2080,3,0.0,0,9,7,1276,1926,2004,234000
694,600.0,3.0,0,0,1,1980.0,1294,2,0.0,114,7,4,0,1900,2000,106250
1244,0.0,3.0,0,336,1,1957.0,1244,2,0.0,40,6,6,1244,1957,1957,150000
1004,0.0,3.0,0,420,1,1950.0,1664,2,0.0,24,7,6,1004,1947,1950,159000
3138,1538.0,3.0,1,884,3,2007.0,4676,4,762.0,406,5,10,3138,2007,2008,184750
1383,1015.0,3.0,0,834,3,1996.0,2398,3,594.0,60,5,7,1379,1996,1997,315750
1266,0.0,3.0,0,453,1,2005.0,1266,3,0.0,144,5,7,1257,2005,2005,176000
928,0.0,2.0,0,252,1,1956.0,928,2,0.0,0,7,5,928,1956,2000,132000
1476,1237.0,3.0,3,858,3,2008.0,2713,4,268.0,66,5,9,1452,2008,2008,446261
605,0.0,2.0,2,0,1,1980.0,605,2,0.0,0,7,4,528,1920,2002,86000
2515,0.0,4.0,0,484,1,1975.0,2515,2,103.68526170798899,0,3,6,2035,1957,1975,200624
1509,0.0,3.0,3,600,2,1988.0,1509,3,219.0,0,5,6,1461,1988,1989,175000
751,611.0,3.0,2,502,3,1920.0,1362,2,0.0,0,8,6,611,1920,1999,128000
827,0.0,2.0,0,392,1,1967.0,827,2,0.0,0,7,5,0,1955,2007,107500
334,0.0,1.0,0,0,1,1980.0,334,1,0.0,0,3,1,0,1946,1950,39300
707,707.0,3.0,3,403,3,2004.0,1414,3,0.0,35,5,8,707,2004,2004,178000
820,527.0,3.0,1,0,1,1980.0,1347,2,0.0,0,7,5,1117,1910,1991,107500
880,844.0,3.0,3,527,3,1998.0,1724,3,0.0,155,5,7,880,1998,1999,188000
864,0.0,3.0,0,576,1,1980.0,864,2,0.0,0,5,4,864,1972,1972,111250
1159,0.0,3.0,0,336,1,1968.0,1159,2,188.0,0,5,5,1051,1968,1968,158000
1601,0.0,3.0,3,670,2,2001.0,1601,3,479.0,0,5,8,1581,2001,2002,272000
1838,0.0,2.0,3,765,1,2006.0,1838,4,584.0,68,5,9,1838,2006,2006,315000
997,1288.0,4.0,0,648,3,2000.0,2285,3,72.0,56,5,8,969,2000,2000,248000
1680,0.0,3.0,0,583,3,1998.0,1680,3,0.0,73,5,7,1650,1998,1999,213250
767,0.0,1.0,3,367,3,1998.0,767,2,182.0,40,5,7,723,1998,1998,133000
664,0.0,3.0,3,426,2,2006.0,1496,3,0.0,24,5,7,654,2006,2006,179665
1377,806.0,4.0,0,786,1,1988.0,2183,3,178.0,0,5,7,1204,1988,1988,229000
915,720.0,3.0,0,440,1,1950.0,1635,2,0.0,38,7,6,1065,1923,1950,210000
768,0.0,2.0,3,624,1,1987.0,768,2,0.0,0,7,5,768,1970,1970,129500
825,0.0,2.0,0,720,2,1963.0,825,2,0.0,50,7,5,825,1955,1995,125000
912,1182.0,4.0,0,615,3,2003.0,2094,3,0.0,182,5,7,912,2003,2004,263000
1069,0.0,2.0,0,440,2,1977.0,1069,2,0.0,55,6,6,1069,1977,1977,140000
928,0.0,3.0,0,288,3,1957.0,928,2,0.0,0,6,5,928,1957,1957,112500
1717,0.0,3.0,3,908,2,2006.0,1717,3,250.0,39,5,8,1709,2006,2006,255500
1126,0.0,2.0,0,520,3,2002.0,1126,3,0.0,96,5,4,0,1949,2003,108000
1006,1040.0,3.0,0,871,2,2003.0,2046,3,292.0,62,5,7,998,2003,2004,284000
1048,0.0,2.0,0,280,1,1922.0,1048,2,0.0,0,6,5,993,1922,1950,113000
1092,0.0,2.0,0,299,3,1957.0,1092,2,0.0,0,5,5,1092,1957,1957,141000
897,439.0,3.0,0,570,1,1994.0,1336,2,0.0,47,6,4,637,1920,1950,108000
729,717.0,3.0,1,406,1,1996.0,1446,2,0.0,22,5,7,729,1996,1997,175000
1557,0.0,2.0,1,420,3,2003.0,1557,3,18.0,20,5,7,1374,2003,2004,234000
1392,0.0,3.0,0,528,1,1957.0,1392,2,180.0,0,6,5,1392,1957,1996,121500
1389,0.0,2.0,3,418,2,1975.0,1389,2,0.0,38,5,5,1389,1974,1975,170000
996,0.0,3.0,0,0,1,1980.0,996,2,0.0,0,6,5,996,1940,1969,108000
1163,511.0,4.0,2,396,3,1955.0,1674,2,0.0,36,7,6,1163,1918,1950,185000
1166,1129.0,4.0,0,590,2,1992.0,2295,3,0.0,40,5,7,1095,1992,2000,268000
841,806.0,4.0,0,216,1,1920.0,1647,1,0.0,66,4,6,806,1915,1950,128000
1134,1370.0,4.0,0,656,3,2005.0,2504,4,245.0,39,5,9,1122,2005,2007,325000
1535,0.0,3.0,0,532,2,2004.0,1535,3,168.0,0,5,7,1517,2004,2004,214000
1496,636.0,1.0,1,612,3,1983.0,2132,3,0.0,40,8,8,1496,1983,2009,316600
943,0.0,2.0,1,600,1,1979.0,943,2,0.0,0,5,5,943,1979,1979,135960
1728,0.0,6.0,0,576,1,1987.0,1728,2,108.0,0,5,5,1728,1965,1965,142600
864,0.0,2.0,0,288,1,1959.0,864,3,207.0,0,6,6,864,1959,1959,120000
846,846.0,3.0,3,650,2,2009.0,1692,3,0.0,114,5,7,846,2009,2009,224500
774,656.0,3.0,0,400,2,2000.0,1430,2,0.0,0,5,7,384,2000,2000,170000
576,533.0,3.0,3,288,1,1971.0,1109,2,82.0,0,7,5,372,1971,2005,139000
832,384.0,2.0,0,336,1,1947.0,1216,2,0.0,0,5,5,832,1947,1950,118500
877,600.0,3.0,0,216,1,1928.0,1477,2,0.0,50,7,7,861,1928,1950,145000
1320,0.0,3.0,3,564,1,1966.0,1320,2,97.0,68,6,5,1164,1966,1966,164500
703,689.0,2.0,0,540,1,2007.0,1392,3,0.0,102,5,7,689,2007,2007,146000
1050,745.0,4.0,0,352,1,1954.0,1795,2,335.0,0,5,5,1050,1954,1954,131500
1429,0.0,3.0,0,572,1,1960.0,1429,3,85.0,110,6,6,1144,1960,1987,181900
2042,0.0,3.0,0,1390,2,2009.0,2042,4,306.0,90,5,8,2042,2008,2009,253293
816,0.0,3.0,3,0,1,1980.0,816,2,104.0,32,5,6,816,1990,1990,118500
1521,0.0,3.0,0,880,1,1988.0,2775,3,0.0,502,9,10,1237,1893,2000,325000
989,584.0,3.0,0,240,1,1935.0,1573,3,0.0,0,7,4,884,1935,1995,133000
2028,0.0,2.0,1,880,2,2005.0,2028,3,208.0,66,5,8,1868,2005,2006,369900
838,0.0,2.0,2,275,3,1961.0,838,1,0.0,0,7,6,816,1918,2000,130000
860,0.0,2.0,3,528,1,1996.0,860,2,0.0,0,6,5,840,1982,1982,137000
1473,0.0,1.0,1,452,1,1968.0,1473,4,0.0,48,8,5,1437,1968,2003,143000
779,0.0,2.0,0,308,1,1988.0,935,2,0.0,0,6,5,742,1930,1960,79500
770,812.0,3.0,0,520,2,2004.0,1582,3,0.0,45,5,7,770,2004,2004,185900
1728,568.0,3.0,1,842,2,2008.0,2296,4,420.0,274,5,10,1722,2008,2008,451950
816,0.0,2.0,0,816,3,1985.0,816,2,0.0,0,8,5,816,1982,2003,138000
848,0.0,1.0,3,420,1,2003.0,848,3,170.0,0,5,6,848,2003,2003,140000
924,0.0,3.0,0,280,1,1981.0,924,2,0.0,0,6,5,924,1975,1975,110000
1826,0.0,3.0,1,758,1,2005.0,1826,3,238.0,75,5,8,1814,2005,2006,319000
684,684.0,3.0,0,216,1,1930.0,1368,2,0.0,158,7,6,684,1910,1993,114504
1402,0.0,2.0,3,648,3,2006.0,1402,3,72.0,16,5,7,1258,2006,2007,194201
1647,0.0,3.0,2,621,3,1977.0,1647,3,459.0,0,6,5,1430,1977,1977,217500
716,840.0,3.0,0,452,3,1980.0,1556,2,0.0,0,6,6,716,1980,1980,151000
1058,846.0,3.0,3,736,3,2003.0,1904,4,280.0,60,5,8,1058,2005,2005,275000
780,595.0,3.0,0,544,1,1979.0,1375,3,0.0,162,6,6,780,1937,1950,141000
927,988.0,3.0,2,506,3,1992.0,1915,3,0.0,150,5,8,908,1992,1992,220000
600,600.0,2.0,0,480,2,2004.0,1200,3,0.0,172,5,7,600,2004,2005,151000
1494,0.0,3.0,2,530,2,2002.0,1494,3,99.0,36,5,7,1494,2002,2002,221000
1186,800.0,3.0,0,486,1,1965.0,1986,2,176.0,42,6,7,768,1965,1990,205000
1040,0.0,3.0,0,576,1,2000.0,1040,3,0.0,0,5,5,1040,1996,1996,152000
1112,896.0,3.0,0,230,1,1948.0,2008,4,0.0,0,8,5,896,1948,2002,225000
1940,1254.0,4.0,2,380,1,1934.0,3194,2,0.0,0,6,8,965,1934,1998,359100
1029,0.0,3.0,2,261,1,1961.0,1029,2,192.0,0,5,4,1029,1961,1961,118500
1476,677.0,3.0,2,736,3,2000.0,2153,4,204.0,142,5,9,1440,2000,2000,313000
1032,0.0,3.0,3,564,1,1978.0,1032,2,233.0,0,6,6,1032,1978,1978,148000
1299,573.0,3.0,3,531,2,2001.0,1872,4,108.0,122,5,8,1299,2001,2001,261500
1120,0.0,3.0,0,0,1,1980.0,1120,2,0.0,30,5,5,1120,2007,2007,147000
630,0.0,1.0,3,0,1,1980.0,630,2,0.0,24,6,4,630,1972,1972,75500
1054,0.0,3.0,1,480,2,1963.0,1054,3,156.0,0,7,6,936,1963,1963,137500
807,702.0,3.0,0,393,3,2002.0,1509,3,0.0,75,5,6,783,2002,2003,183200
832,0.0,2.0,0,528,1,1962.0,832,3,0.0,0,6,6,832,1954,1954,105500
1828,0.0,3.0,3,774,1,2007.0,1828,3,452.0,108,5,9,1822,2007,2007,314813
1482,780.0,3.0,1,749,3,2003.0,2262,3,226.0,0,5,8,1482,2003,2003,305000
864,0.0,2.0,0,0,1,1980.0,864,2,0.0,0,3,3,864,1914,1950,67000
1548,1066.0,4.0,0,624,2,1974.0,2614,2,0.0,243,7,6,1522,1974,1997,240000
980,0.0,3.0,0,484,1,1986.0,980,2,153.0,0,6,5,980,1977,1977,135000
756,756.0,2.0,0,440,1,2000.0,1512,3,513.0,32,5,6,756,2000,2000,168500
1012,778.0,4.0,0,484,2,1972.0,1790,2,288.0,0,5,6,732,1972,1972,165150
1116,0.0,3.0,0,440,1,1962.0,1116,2,261.0,0,6,6,1116,1962,1962,160000
1422,0.0,3.0,0,286,2,1960.0,1422,2,0.0,0,5,5,978,1960,1978,139900
1520,0.0,3.0,3,364,2,1955.0,1520,2,164.0,0,6,6,1156,1955,1972,153000
1040,1040.0,5.0,3,504,1,1969.0,2080,1,192.0,0,5,5,1040,1969,1969,135000
1350,0.0,3.0,1,520,2,1964.0,1350,2,259.0,0,5,6,1248,1964,1964,168500
1089,661.0,3.0,0,240,1,1937.0,1750,4,0.0,0,6,5,636,1880,1991,124000
1554,0.0,2.0,2,627,2,2006.0,1554,3,108.0,73,5,8,1554,2006,2006,209500
1411,0.0,3.0,0,544,3,1977.0,1411,2,209.0,0,5,7,1386,1977,1977,82500
1056,0.0,3.0,0,260,1,1954.0,1056,2,0.0,0,7,5,1056,1954,2005,139400
1056,0.0,0.0,0,576,1,1980.0,1056,2,0.0,56,5,6,1056,1980,1980,144000
1440,1440.0,8.0,0,0,1,1980.0,3395,1,0.0,110,7,6,1440,1914,1995,200000
800,0.0,1.0,0,0,1,1980.0,800,1,0.0,0,3,2,264,1936,1950,60000
811,576.0,3.0,0,256,1,1954.0,1387,3,0.0,0,4,5,811,1954,1954,93000
796,0.0,2.0,0,0,1,1980.0,796,2,0.0,0,7,5,796,1910,1950,85000
1567,0.0,1.0,3,648,3,2006.0,1567,4,0.0,0,5,8,1520,2006,2006,264561
1518,0.0,1.0,1,588,2,2003.0,1518,4,472.0,140,5,8,1518,2003,2004,274000
1057,872.0,3.0,0,650,3,2001.0,1929,3,0.0,235,5,7,1057,2001,2001,226000
2000,704.0,4.0,1,538,3,1972.0,2704,4,0.0,111,7,8,1952,1972,1995,345000
780,840.0,4.0,0,462,3,1969.0,1620,2,263.0,0,5,5,780,1969,1969,152000
1766,0.0,3.0,2,478,3,2009.0,1766,4,162.0,130,5,9,1766,2009,2009,370878
981,0.0,3.0,0,576,1,1979.0,981,2,0.0,312,5,6,981,1971,1971,143250
1048,0.0,3.0,0,420,1,1950.0,1048,2,0.0,27,5,5,0,1950,1950,98300
1094,0.0,3.0,2,495,1,1953.0,1094,2,216.0,0,5,6,1094,1953,1953,155000
1051,788.0,4.0,0,442,1,1966.0,1839,2,351.0,124,5,6,756,1966,1966,155000
630,0.0,1.0,3,0,1,1980.0,630,2,0.0,0,6,4,630,1970,1970,84500
822,843.0,3.0,0,562,2,2007.0,1665,3,103.68526170798899,0,6,7,813,2007,2007,205950
755,755.0,4.0,2,296,1,1940.0,1510,2,0.0,0,5,4,755,1940,1950,108000
909,807.0,2.0,0,512,2,1996.0,1716,3,0.0,120,5,7,880,1996,1996,191000
756,713.0,3.0,0,216,1,1906.0,1469,2,0.0,0,7,6,756,1906,1995,135000
2113,0.0,2.0,1,839,3,1995.0,2113,3,660.0,46,6,8,2109,1995,1995,350000
525,0.0,3.0,0,264,1,1971.0,1092,2,381.0,0,5,6,525,1971,1971,88000
1053,0.0,3.0,0,312,2,1959.0,1053,3,54.0,0,7,5,1053,1959,2006,145500
851,651.0,3.0,0,270,2,1931.0,1502,2,0.0,0,6,7,776,1931,2000,149000
912,546.0,3.0,0,330,1,1948.0,1458,2,0.0,0,5,6,912,1948,1950,97500
1486,0.0,3.0,0,480,3,1968.0,1486,2,0.0,0,7,5,1486,1964,1999,167000
1142,793.0,3.0,0,550,2,1976.0,1935,2,233.0,113,7,7,793,1976,1976,197900
1686,762.0,4.0,0,711,2,1994.0,2448,3,528.0,76,7,8,1629,1994,2005,402000
1392,0.0,2.0,0,576,2,1968.0,1392,2,216.0,0,3,6,1392,1968,1968,110000
1181,0.0,3.0,3,588,2,1974.0,1181,2,0.0,0,5,4,1138,1972,1972,137500
2097,0.0,1.0,2,1134,3,2005.0,2097,4,0.0,267,5,8,2077,2005,2006,423000
1454,482.0,3.0,0,504,2,2000.0,1936,3,40.0,124,5,8,1406,2000,2000,230500
1465,915.0,3.0,0,596,1,1965.0,2380,2,113.0,265,5,6,1021,1965,1979,129000
1679,0.0,3.0,0,575,2,1994.0,1679,3,258.0,42,5,6,1408,1994,1998,193500
1437,0.0,3.0,0,576,1,1999.0,1437,2,0.0,0,6,5,1188,1956,1987,168000
1180,0.0,2.0,0,252,1,1922.0,1180,1,0.0,0,5,4,700,1922,1950,137500
738,0.0,3.0,0,540,3,2005.0,1476,3,0.0,35,5,6,738,2005,2005,173500
697,672.0,3.0,0,300,1,1930.0,1369,2,0.0,0,6,6,672,1925,1950,103600
1208,0.0,3.0,0,546,2,1977.0,1208,2,0.0,42,6,6,1208,1977,1977,165000
1839,0.0,3.0,0,416,3,1957.0,1839,3,106.0,87,7,6,1477,1957,2004,257500
1136,0.0,3.0,0,384,1,1965.0,1136,2,0.0,0,6,6,1136,1965,1965,140000
855,586.0,3.0,0,440,1,1978.0,1441,2,0.0,0,6,6,855,1978,1978,148500
1095,679.0,4.0,0,779,1,1920.0,1774,2,0.0,0,2,4,1095,1900,1950,87000
792,0.0,2.0,0,240,1,1924.0,792,3,0.0,0,8,5,768,1924,2006,109500
2046,0.0,3.0,2,834,3,2008.0,2046,3,464.0,82,5,8,2046,2008,2008,372500
988,0.0,3.0,0,572,1,1963.0,988,2,57.0,0,5,5,988,1961,1961,128500
923,0.0,2.0,0,264,2,1980.0,923,2,0.0,0,5,6,923,1980,1980,143000
848,672.0,3.0,0,281,1,1968.0,1520,2,0.0,0,5,5,793,1932,2000,159434
1291,0.0,2.0,2,431,1,1996.0,1291,3,0.0,0,5,6,1291,1996,1997,173000
1668,0.0,3.0,3,702,1,2002.0,1668,3,215.0,45,5,9,1626,2002,2002,285000
1195,644.0,4.0,0,486,3,1998.0,1839,2,30.0,81,5,7,1195,1998,1998,221000
1190,900.0,3.0,2,577,3,1984.0,2090,3,0.0,0,5,7,1190,1984,1984,207500
874,887.0,3.0,0,578,3,2007.0,1761,3,0.0,105,6,7,874,2007,2007,227875
551,551.0,2.0,0,480,1,2004.0,1102,3,0.0,60,5,7,551,2004,2004,148800
1419,0.0,2.0,3,567,2,2007.0,1419,3,0.0,0,6,8,1419,2007,2007,392000
1362,0.0,2.0,3,460,1,2005.0,1362,3,256.0,28,5,6,1362,2005,2006,194700
848,0.0,1.0,1,420,2,2004.0,848,3,147.0,0,5,6,848,2004,2004,141000
2444,1872.0,4.0,1,832,3,1994.0,4316,4,1170.0,50,6,10,2444,1994,1995,755000
1238,1281.0,4.0,1,628,2,1989.0,2519,3,293.0,27,5,7,1210,1989,1990,335000
1073,0.0,2.0,0,326,1,1968.0,1073,2,0.0,0,6,5,1073,1921,1968,108480
1067,472.0,3.0,0,576,1,1995.0,1539,2,0.0,0,6,5,927,1936,1950,141500
1137,0.0,2.0,0,551,1,1987.0,1137,3,72.0,0,6,6,1112,1987,1987,176000
616,0.0,2.0,0,205,1,1921.0,616,2,0.0,0,7,5,616,1921,1950,89000
1148,0.0,2.0,2,308,1,1952.0,1148,2,0.0,0,7,5,980,1952,1952,123500
894,0.0,3.0,0,336,1,1973.0,894,2,0.0,144,8,5,894,1965,2009,138500
1391,0.0,2.0,2,530,1,2004.0,1391,3,0.0,158,5,7,1391,2004,2004,196000
1800,0.0,3.0,1,765,3,2002.0,1800,3,630.0,78,5,8,1800,2002,2002,312500
1164,0.0,3.0,0,528,1,1969.0,1164,2,168.0,0,5,7,1164,1969,1969,140000
1264,1312.0,4.0,0,666,3,2006.0,2576,4,466.0,100,5,8,1234,2006,2006,361919
1032,0.0,4.0,0,672,1,1999.0,1812,3,0.0,0,9,5,360,1900,1996,140000
1484,0.0,3.0,3,606,2,2004.0,1484,3,109.0,35,5,7,1473,2004,2005,213000
372,720.0,3.0,0,0,1,1980.0,1092,1,0.0,0,5,4,0,1930,1950,55000
1824,0.0,2.0,1,739,1,1971.0,1824,3,351.0,48,5,7,1643,1971,2002,302000
1324,0.0,2.0,0,550,3,2006.0,1324,3,176.0,38,5,8,1324,2006,2006,254000
728,728.0,3.0,3,400,3,2007.0,1456,3,0.0,24,5,7,728,2007,2007,179540
904,0.0,3.0,0,408,1,1966.0,904,2,41.0,0,7,5,876,1966,1966,109900
729,0.0,2.0,0,0,1,1980.0,729,2,0.0,0,6,3,270,1935,2003,52000
859,319.0,2.0,2,384,2,1964.0,1178,2,0.0,0,7,4,859,1900,1950,102776
1228,0.0,2.0,2,472,3,1988.0,1228,3,0.0,120,5,8,1228,1988,1989,189000
960,0.0,3.0,3,576,1,1970.0,960,2,160.0,288,5,4,960,1970,1970,129000
725,754.0,3.0,0,475,2,1976.0,1479,3,289.0,44,8,6,725,1976,2005,130500
1350,0.0,3.0,0,478,2,1974.0,1350,2,174.0,0,5,6,1064,1974,1974,165000
1576,978.0,3.0,0,704,1,1996.0,2554,2,0.0,48,8,7,718,1890,1998,159500
1178,0.0,3.0,0,439,1,1973.0,1178,3,0.0,0,6,5,1176,1973,2000,157000
1325,1093.0,3.0,1,983,2,1993.0,2418,3,651.0,154,5,7,1311,1993,1994,341000
971,0.0,3.0,1,300,1,1969.0,971,2,0.0,0,6,5,971,1969,1969,128500
1742,0.0,2.0,1,564,2,1985.0,1742,3,0.0,28,5,8,1742,1985,1985,275000
848,0.0,1.0,3,420,1,2004.0,848,3,169.0,0,5,6,848,2004,2004,143000
864,0.0,3.0,0,463,1,1994.0,864,2,0.0,0,7,4,864,1970,1970,124500
997,0.0,4.0,0,548,1,1958.0,1470,2,0.0,0,6,4,941,1954,1972,135000
1698,0.0,3.0,0,768,1,2007.0,1698,4,340.0,64,5,9,1698,2007,2008,320000
864,0.0,3.0,0,660,1,1989.0,864,3,0.0,0,6,4,864,1970,1970,120500
1680,0.0,3.0,0,540,3,1988.0,1680,3,260.0,44,9,6,880,1988,2007,222000
1232,0.0,2.0,3,632,1,2007.0,1232,3,82.0,0,5,7,1232,2007,2007,194500
1776,0.0,4.0,0,888,1,1968.0,1776,2,95.0,25,5,5,1584,1958,1958,110000
848,0.0,2.0,0,539,1,1962.0,1208,2,0.0,23,5,4,780,1925,1950,103000
1616,0.0,2.0,0,608,2,1995.0,1616,3,0.0,152,5,8,1595,1995,1996,236500
1146,0.0,3.0,3,438,1,2003.0,1146,3,442.0,22,5,7,868,2003,2003,187500
1153,878.0,3.0,3,541,3,1998.0,2031,3,202.0,84,5,7,1153,1998,1999,222500
1144,0.0,3.0,0,264,2,1961.0,1144,2,0.0,0,6,5,864,1961,1983,131400
948,0.0,3.0,0,300,1,1968.0,948,2,0.0,0,5,5,948,1968,1968,108000
880,888.0,2.0,2,320,1,1914.0,1768,2,0.0,341,7,7,880,1914,1970,163000
1040,0.0,2.0,0,400,1,1949.0,1040,2,0.0,0,4,3,0,1950,1950,93500
901,900.0,3.0,0,800,1,2005.0,1801,3,0.0,116,5,8,893,2005,2005,239900
1200,0.0,3.0,1,0,1,1980.0,1200,2,0.0,0,5,5,1200,1987,1988,179000
864,864.0,3.0,0,572,2,2004.0,1728,3,0.0,56,5,7,864,2004,2004,190000
768,664.0,2.0,0,360,1,1910.0,1432,2,0.0,0,7,5,264,1910,2002,132000
912,0.0,3.0,2,288,1,1962.0,912,3,0.0,0,8,6,912,1961,1996,142000
1349,0.0,3.0,0,539,1,2000.0,1349,2,108.0,55,5,7,1349,2000,2001,179000
1464,0.0,3.0,3,480,2,1997.0,1464,2,0.0,0,6,5,520,1963,1999,175000
1337,0.0,2.0,0,462,2,1993.0,1337,3,0.0,0,5,8,1337,1993,1993,180000
1175,1540.0,4.0,0,831,3,1994.0,2715,3,289.0,204,9,8,1142,1976,1996,299800
980,1276.0,4.0,0,554,3,2000.0,2256,3,0.0,54,5,7,952,2000,2000,236000
1320,1320.0,4.0,0,864,1,1950.0,2640,3,0.0,0,7,7,1240,1880,2003,265979
1720,0.0,3.0,0,527,3,1996.0,1720,3,338.0,56,5,7,1720,1996,1996,260400
1088,441.0,4.0,0,240,1,1945.0,1529,2,0.0,0,3,4,0,1945,1950,98000
792,348.0,3.0,0,0,1,1980.0,1140,2,0.0,160,7,4,576,1910,2004,96500
660,660.0,3.0,0,400,3,2003.0,1320,3,0.0,48,5,7,660,2003,2003,162000
1494,0.0,3.0,1,576,2,1997.0,1494,3,0.0,27,5,6,1479,1997,1997,217000
1038,1060.0,3.0,2,878,2,2005.0,2098,4,178.0,52,5,8,1030,2005,2005,275500
1026,0.0,3.0,0,440,2,1969.0,1026,3,0.0,48,8,6,1026,1969,2005,156000
742,729.0,3.0,0,440,1,1999.0,1471,2,894.0,24,5,6,729,1999,1999,172500
866,902.0,3.0,3,578,2,2007.0,1768,3,0.0,105,5,8,866,2007,2007,212000
672,714.0,3.0,2,440,3,1978.0,1386,2,328.0,0,5,6,672,1978,1978,158900
757,0.0,3.0,0,440,1,1999.0,1501,2,360.0,0,5,7,744,1999,1999,179400
1328,1203.0,4.0,3,752,2,1995.0,2531,3,513.0,98,5,8,1318,1995,1995,290000
864,0.0,2.0,0,300,1,2008.0,864,2,0.0,0,6,6,864,1959,1959,127500
1301,0.0,2.0,2,440,1,1965.0,1301,1,0.0,0,5,5,1145,1924,1950,100000
764,783.0,3.0,2,614,1,2009.0,1547,3,0.0,45,5,7,756,2009,2009,215200
1268,1097.0,3.0,2,856,1,1999.0,2365,3,673.0,128,5,8,1252,1999,1999,337000
1494,0.0,3.0,3,481,3,1995.0,1494,4,0.0,30,5,8,1494,1995,1996,270000
1506,0.0,2.0,0,592,1,2008.0,1506,4,284.0,174,5,9,1498,2008,2008,264132
980,734.0,3.0,0,496,1,1988.0,1714,2,42.0,66,5,7,980,1988,1988,196500
983,767.0,4.0,2,423,1,1989.0,1750,2,0.0,0,7,6,983,1940,1985,160000
1836,0.0,3.0,0,484,3,2004.0,1836,3,0.0,33,5,7,1860,2004,2005,216837
1690,1589.0,4.0,1,841,3,2003.0,3279,4,603.0,36,5,8,1650,2003,2003,538000
858,0.0,2.0,3,576,1,1983.0,858,2,0.0,0,5,5,858,1982,1982,134900
1220,0.0,2.0,0,396,1,1951.0,1220,2,0.0,0,5,4,836,1951,1951,102000
1117,0.0,3.0,3,672,1,1976.0,1117,2,0.0,0,5,6,1029,1976,1976,107000
912,0.0,2.0,0,275,2,1958.0,912,2,1.0,0,5,5,912,1958,1958,114500
1973,0.0,3.0,3,895,3,2006.0,1973,3,375.0,45,5,8,1935,2006,2006,395000
1204,0.0,2.0,0,412,1,1998.0,1204,2,320.0,247,5,6,1204,1998,1998,162000
1614,0.0,3.0,3,865,2,2005.0,1614,3,240.0,59,5,7,1614,2005,2006,221500
894,0.0,3.0,0,440,1,1974.0,894,2,0.0,0,5,5,864,1974,1974,142500
2020,0.0,4.0,0,630,1,1977.0,2020,2,320.0,0,5,5,0,1977,1977,144000
1004,0.0,2.0,1,504,1,1977.0,1004,2,90.0,0,5,6,975,1977,1977,135000
1253,0.0,3.0,0,402,3,1995.0,1253,2,38.0,21,5,7,1237,1995,1996,176000
810,0.0,3.0,0,484,2,1992.0,1603,3,0.0,124,5,6,761,1992,1992,175900
1430,0.0,3.0,0,605,2,2001.0,1430,3,0.0,33,5,7,1413,2001,2002,187100
1110,0.0,3.0,3,602,3,1978.0,1110,3,104.0,30,6,5,1097,1978,1978,165500
742,742.0,3.0,0,0,1,1980.0,1484,2,0.0,291,6,6,742,1914,2001,128000
1342,0.0,3.0,0,457,1,1967.0,1342,2,0.0,0,5,6,1372,1967,1967,161500
966,686.0,4.0,0,416,1,1961.0,1652,2,0.0,0,6,5,686,1915,1950,139000
956,1128.0,4.0,0,618,2,2004.0,2084,3,0.0,45,5,7,956,2004,2004,233000
901,0.0,2.0,0,281,1,1954.0,901,2,0.0,0,7,4,901,1954,2000,107900
976,1111.0,5.0,1,444,3,1966.0,2087,3,157.0,168,8,6,832,1966,2007,187500
1145,0.0,2.0,0,397,3,2005.0,1145,3,11.0,16,5,7,1145,2005,2006,160200
1062,0.0,3.0,3,539,2,1976.0,1062,2,0.0,0,5,6,1029,1976,1976,146800
1127,886.0,3.0,3,455,1,1997.0,2013,2,0.0,130,5,7,1117,1996,1997,269790
1496,0.0,3.0,3,474,1,2007.0,1496,3,140.0,130,5,8,1496,2007,2007,225000
1086,809.0,3.0,0,409,3,1994.0,1895,3,0.0,46,5,7,712,1994,1996,194500
888,676.0,3.0,0,476,1,1980.0,1564,2,130.0,50,6,6,650,1980,1981,171000
1285,0.0,3.0,0,528,2,1977.0,1285,2,148.0,0,5,6,660,1977,1977,143500
773,0.0,2.0,0,240,1,1953.0,773,2,0.0,0,5,5,773,1953,1953,110000
1966,1174.0,4.0,0,820,3,2009.0,3140,4,860.0,78,5,9,1926,2008,2009,485000
981,787.0,3.0,0,240,1,1939.0,1768,3,252.0,0,7,5,731,1937,1950,175000
616,1072.0,4.0,1,603,2,1997.0,1688,3,0.0,114,5,6,616,1997,1997,200000
1196,0.0,2.0,0,440,1,1957.0,1196,2,0.0,0,7,4,1196,1916,1990,109900
728,728.0,3.0,3,410,3,2005.0,1456,3,0.0,18,5,7,728,2005,2005,189000
1734,1088.0,3.0,1,1020,2,2009.0,2822,4,424.0,170,5,9,1734,2008,2009,582933
1128,0.0,2.0,0,286,1,1954.0,1128,2,0.0,0,5,5,936,1954,1954,118000
1428,0.0,3.0,0,554,2,2008.0,1428,4,256.0,60,5,7,1417,2008,2008,227680
980,0.0,3.0,3,384,3,1967.0,980,2,0.0,0,5,5,980,1967,1967,135500
1072,504.0,3.0,1,528,2,1923.0,1576,3,0.0,312,6,5,1324,1923,2004,223500
1086,0.0,3.0,3,484,2,1966.0,1086,2,1047.0,0,5,5,1024,1966,1966,159950
1075,1063.0,2.0,0,360,1,1910.0,2138,2,0.0,156,5,5,849,1898,1965,106000
1309,0.0,3.0,0,484,2,1974.0,1309,3,99.0,0,6,6,1040,1974,1999,181000
848,0.0,1.0,1,420,3,2004.0,848,3,169.0,0,5,6,848,2004,2004,144500
1044,0.0,2.0,3,504,1,1952.0,1044,1,0.0,0,5,5,540,1952,1952,55993
1442,0.0,4.0,0,301,2,1958.0,1442,2,243.0,0,6,6,1442,1958,1958,157900
686,564.0,3.0,0,280,1,1955.0,1250,1,0.0,0,7,5,686,1918,1950,116000
1661,0.0,3.0,0,598,2,1998.0,1661,3,442.0,34,5,7,1649,1998,1998,224900
1008,0.0,2.0,0,275,1,1954.0,1008,2,0.0,0,6,5,1008,1954,1954,137000
1689,0.0,3.0,0,857,2,2002.0,1689,3,148.0,59,5,8,1568,2002,2002,271000
1052,0.0,3.0,3,440,1,1971.0,1052,2,80.0,0,7,6,1010,1971,1971,155000
1358,0.0,3.0,2,484,2,2010.0,1358,3,128.0,35,5,7,1358,2009,2010,224000
798,0.0,3.0,0,595,2,2003.0,1640,3,0.0,45,5,7,798,2003,2003,183000
936,0.0,2.0,0,576,1,1974.0,936,2,0.0,32,4,4,936,1953,1953,93000
847,886.0,3.0,1,433,3,2003.0,1733,3,0.0,48,5,7,847,2003,2003,225000
944,545.0,3.0,0,240,1,1940.0,1489,2,0.0,0,7,6,778,1940,1950,139500
1489,0.0,3.0,0,776,2,2006.0,1489,3,0.0,140,5,8,1489,2006,2006,232600
2084,0.0,2.0,3,1220,3,2007.0,2084,4,816.0,45,5,10,2078,2007,2008,385000
784,0.0,2.0,0,0,1,1980.0,784,3,0.0,0,6,5,784,1924,1950,109500
1434,0.0,3.0,0,527,2,2001.0,1434,3,0.0,39,5,7,1454,2001,2001,189000
1160,966.0,3.0,1,538,3,1967.0,2126,2,0.0,0,5,5,1013,1967,1967,185000
520,623.0,2.0,0,480,2,2005.0,1223,3,0.0,166,5,7,600,2005,2005,147400
1392,0.0,3.0,0,458,2,1957.0,1392,2,387.0,0,5,6,1392,1957,1957,166000
520,600.0,2.0,0,480,2,2005.0,1200,3,0.0,166,5,7,600,2005,2005,151000
941,888.0,3.0,0,613,2,2003.0,1829,3,223.0,39,6,7,941,2003,2003,237000
1516,0.0,3.0,0,472,2,1964.0,1516,2,180.0,0,6,6,1516,1964,1964,167000
1144,0.0,3.0,0,456,1,1961.0,1144,2,136.0,0,6,5,1144,1961,1961,139950
1067,0.0,2.0,0,436,1,1996.0,1067,3,0.0,0,7,4,1067,1950,1995,128000
1559,0.0,3.0,0,812,1,1948.0,1559,2,0.0,116,6,5,1559,1948,1973,153500
483,504.0,2.0,0,264,1,1973.0,987,2,158.0,0,5,6,483,1973,1973,100000
1099,0.0,3.0,0,352,1,1999.0,1099,3,0.0,0,6,5,1099,1995,2006,144000
768,432.0,3.0,0,240,1,1946.0,1200,2,0.0,0,6,5,768,1946,1995,130500
810,672.0,3.0,0,400,1,1934.0,1482,1,0.0,0,8,6,672,1925,1950,140000
958,581.0,3.0,0,686,1,1983.0,1539,3,0.0,78,8,5,650,1904,2002,157500
1165,0.0,3.0,1,490,2,1966.0,1165,2,183.0,129,7,6,1127,1966,1966,174900
1800,0.0,6.0,0,0,1,1980.0,1800,2,0.0,0,4,5,1800,1961,1961,141000
876,540.0,4.0,2,720,1,1949.0,1416,2,0.0,0,8,5,876,1915,1950,153900
1701,0.0,3.0,1,611,3,1975.0,1701,2,0.0,0,5,5,1390,1975,1981,171000
1006,769.0,3.0,0,425,1,1993.0,1775,3,137.0,72,5,7,740,1993,1993,213000
864,0.0,3.0,3,338,1,1972.0,864,2,0.0,0,6,5,864,1972,1972,133500
1307,1051.0,5.0,0,360,1,1908.0,2358,2,0.0,40,8,6,907,1908,1997,240000
1094,761.0,3.0,0,512,2,1976.0,1855,2,360.0,100,7,6,528,1976,1994,187000
848,0.0,1.0,3,420,3,2003.0,848,3,170.0,0,5,6,848,2003,2003,131500
1456,0.0,2.0,1,400,3,2003.0,1456,3,40.0,20,5,8,1273,2003,2003,215000
918,728.0,4.0,0,240,1,1941.0,1646,2,0.0,0,5,7,918,1941,1950,164000
1445,0.0,3.0,1,645,2,1964.0,1445,2,115.0,0,6,6,1127,1964,1964,158000
1779,0.0,3.0,2,454,1,1955.0,1779,2,0.0,418,4,5,1763,1955,1974,170000
1040,0.0,3.0,0,260,1,1962.0,1040,2,0.0,104,8,5,1040,1962,2010,127000
1026,0.0,3.0,1,576,1,1981.0,1026,2,0.0,0,6,6,940,1978,1978,147000
702,779.0,3.0,0,343,3,1994.0,1481,2,0.0,36,5,6,702,1994,1995,174000
1370,0.0,3.0,0,479,2,1976.0,1370,2,189.0,0,5,7,1090,1976,1976,152000
1512,1142.0,4.0,2,619,1,1968.0,2654,3,220.0,65,7,6,1054,1968,1984,250000
912,514.0,3.0,0,216,1,1925.0,1426,3,0.0,240,8,7,912,1918,1998,189950
1039,0.0,3.0,2,504,1,1965.0,1039,2,0.0,0,4,5,1039,1965,1965,131500
1097,0.0,3.0,0,480,1,1986.0,1097,2,0.0,0,5,6,1040,1984,1985,152000
1148,0.0,3.0,0,672,1,1959.0,1148,2,0.0,0,5,5,1148,1959,1959,132500
1372,0.0,3.0,0,529,3,2008.0,1372,3,0.0,140,5,7,1372,2007,2008,250580
1002,0.0,3.0,0,902,1,1973.0,1002,2,76.0,0,6,5,1002,1970,1970,148500
1646,0.0,3.0,3,870,2,2007.0,1646,3,274.0,80,5,8,1638,2006,2007,248900
1120,0.0,3.0,0,544,2,1961.0,1120,1,0.0,0,5,4,1040,1961,1961,129000
1547,720.0,2.0,0,672,1,1979.0,2320,2,0.0,144,6,5,0,1948,1950,169000
1062,887.0,3.0,0,574,3,1993.0,1949,3,246.0,90,5,7,1050,1993,1994,236000
894,0.0,2.0,0,308,1,1962.0,894,2,0.0,0,5,5,894,1962,1962,109500
804,878.0,3.0,0,523,2,1998.0,1682,3,116.0,77,5,6,804,1998,1998,200500
910,0.0,3.0,3,414,1,1953.0,910,3,0.0,0,7,5,105,1953,1996,116000
1036,0.0,3.0,0,288,1,1949.0,1268,2,0.0,28,7,5,832,1949,1950,133000
676,455.0,3.0,0,200,1,1941.0,1131,2,0.0,0,6,5,676,1941,1950,66500
1184,1426.0,4.0,3,550,3,2007.0,2610,4,0.0,364,5,8,1184,2007,2007,303477
1040,0.0,3.0,1,648,1,1963.0,1040,2,0.0,0,5,4,1064,1963,1963,132250
1462,0.0,4.0,0,738,3,2004.0,2224,4,216.0,0,5,9,1462,2004,2005,350000
1155,0.0,3.0,3,576,1,1987.0,1155,3,0.0,0,7,5,1109,1961,1995,148000
864,0.0,3.0,0,336,1,1978.0,864,2,90.0,0,8,5,864,1978,2005,136500
1090,0.0,2.0,0,450,3,2005.0,1090,2,0.0,49,5,5,1090,2005,2006,157000
1187,530.0,3.0,2,400,2,1990.0,1717,3,117.0,36,5,7,1156,1990,1991,187500
808,785.0,3.0,0,389,2,1993.0,1593,2,0.0,40,5,6,808,1992,1993,178000
954,795.0,5.0,0,440,1,1997.0,2230,2,0.0,188,5,4,795,1912,1950,118500
892,0.0,3.0,0,288,2,1967.0,892,2,60.0,0,5,5,892,1967,1967,100000
1709,0.0,2.0,3,506,3,1999.0,1709,3,60.0,65,5,9,1698,1999,2000,328900
1712,0.0,4.0,0,588,3,2005.0,1712,2,122.0,54,5,5,1626,1959,2005,145000
872,521.0,3.0,0,300,1,1955.0,1393,2,0.0,0,7,5,816,1955,1955,135500
2217,0.0,4.0,1,621,1,1970.0,2217,3,0.0,207,6,8,2217,1970,1970,268000
1505,0.0,2.0,0,505,2,1953.0,1505,2,90.0,0,4,6,1505,1953,1953,149500
672,252.0,3.0,2,576,1,2003.0,924,2,0.0,0,7,5,672,1949,2006,122900
918,765.0,3.0,0,440,2,1978.0,1683,2,92.0,0,5,6,918,1978,1978,172500
1068,0.0,3.0,0,264,2,1963.0,1068,2,0.0,0,8,6,1059,1963,2003,154500
1383,0.0,3.0,2,354,1,1954.0,1383,2,0.0,116,5,5,1383,1954,1954,165000
1535,0.0,4.0,0,400,1,1979.0,1535,2,0.0,0,5,5,0,1979,1979,118858
983,813.0,4.0,0,483,2,1963.0,1796,2,415.0,50,5,6,780,1963,1963,140000
951,0.0,2.0,0,327,1,1936.0,951,2,0.0,28,6,4,951,1936,1950,106500
1120,1120.0,6.0,0,528,1,1979.0,2240,2,0.0,0,5,5,0,1979,1979,142953
2364,0.0,3.0,1,820,3,2009.0,2364,4,760.0,67,5,9,2330,2009,2010,611657
1236,0.0,3.0,0,288,1,1961.0,1236,2,0.0,0,7,5,912,1961,1994,135000
858,0.0,2.0,0,684,1,1979.0,858,2,0.0,0,6,4,858,1971,1971,110000
1306,0.0,2.0,2,756,1,1968.0,1306,2,0.0,0,7,5,992,1957,2000,153000
807,702.0,3.0,0,393,3,2003.0,1509,3,0.0,75,5,7,783,2003,2003,180000
1670,0.0,3.0,0,690,2,2006.0,1670,3,27.0,60,5,7,1670,2006,2006,240000
902,0.0,3.0,0,288,1,1967.0,902,2,75.0,0,6,5,876,1967,1967,125500
1063,0.0,3.0,0,280,2,1954.0,1063,2,110.0,0,5,5,1056,1954,1954,128000
1636,0.0,3.0,0,865,2,2006.0,1636,3,208.0,60,5,8,1623,2006,2006,255000
1020,1037.0,3.0,0,180,3,1936.0,2057,3,0.0,0,7,7,1017,1936,1987,250000
902,0.0,2.0,3,484,1,1983.0,902,2,0.0,0,5,5,864,1983,1983,131000
742,742.0,3.0,0,390,3,2005.0,1484,3,0.0,24,5,6,742,2005,2005,174000
1105,1169.0,5.0,0,480,1,1960.0,2274,2,361.0,0,5,5,1105,1960,1960,154300
1268,0.0,3.0,3,252,1,1978.0,1268,3,0.0,0,7,5,1268,1977,1989,143500
1015,0.0,3.0,0,450,1,1925.0,1015,2,0.0,0,7,5,768,1925,1950,88000
1001,1001.0,3.0,0,871,1,1949.0,2002,2,0.0,0,6,5,1001,1949,1950,145000
612,612.0,2.0,3,528,2,2009.0,1224,3,76.0,234,5,6,612,2009,2009,173733
546,546.0,3.0,0,286,1,1970.0,1092,2,80.0,0,5,4,546,1970,1970,75000
480,0.0,3.0,3,308,1,1958.0,480,2,0.0,0,3,2,480,1949,1950,35311
1229,0.0,3.0,0,284,2,1956.0,1229,2,0.0,0,6,4,1134,1956,1956,135000
912,1215.0,4.0,2,833,2,1991.0,2127,3,0.0,192,5,7,1104,1991,1991,238000
1414,0.0,3.0,0,601,1,1990.0,1414,2,0.0,51,8,6,1184,1958,2002,176500
936,785.0,3.0,0,471,1,1994.0,1721,3,105.0,87,5,6,928,1994,1994,201000
1272,928.0,4.0,0,0,1,1980.0,2200,2,0.0,70,7,5,1272,1900,2003,145900
1316,0.0,3.0,0,397,3,2005.0,1316,3,0.0,0,5,6,1316,2005,2006,169990
1617,0.0,2.0,0,533,1,1993.0,1617,3,0.0,69,5,6,1604,1993,1994,193000
1686,0.0,3.0,0,612,1,1980.0,1686,2,157.0,131,6,6,1686,1980,1980,207500
1126,0.0,3.0,3,540,2,1977.0,1126,4,0.0,0,6,5,1126,1977,1977,175000
1234,1140.0,4.0,0,656,3,2003.0,2374,4,340.0,100,5,8,1181,2003,2004,285000
1098,880.0,4.0,0,486,2,1968.0,1978,2,342.0,43,5,7,832,1968,1968,176000
1788,0.0,3.0,3,522,2,2001.0,1788,4,0.0,151,5,8,1753,2001,2001,236500
993,1243.0,4.0,0,642,3,1997.0,2236,3,285.0,0,5,7,964,1997,1997,222000
1466,0.0,3.0,3,610,3,2007.0,1466,3,0.0,18,5,8,1466,2007,2007,201000
925,0.0,3.0,0,429,1,1965.0,925,2,0.0,0,6,5,925,1965,1965,117500
1905,0.0,3.0,0,788,3,2006.0,1905,4,302.0,191,5,9,1905,2006,2006,320000
1500,0.0,3.0,3,570,2,2004.0,1500,3,210.0,36,5,7,1500,2004,2004,190000
2069,0.0,4.0,1,505,2,1960.0,2069,3,0.0,0,7,7,585,1960,2007,242000
747,0.0,1.0,2,528,1,1953.0,747,2,108.0,0,5,4,600,1926,1953,79900
1200,0.0,2.0,0,555,2,2003.0,1200,3,103.68526170798899,41,5,7,1176,2003,2003,184900
1113,858.0,3.0,2,689,2,2005.0,1971,3,0.0,48,5,7,1113,2005,2005,253000
1391,571.0,3.0,2,868,2,2006.0,1962,3,0.0,90,5,7,1391,2006,2006,239799
1207,1196.0,3.0,2,349,1,1940.0,2403,2,0.0,0,7,7,1032,1940,1950,244400
1728,0.0,4.0,1,574,1,1976.0,1728,2,0.0,0,5,6,1728,1976,1976,150900
1022,1038.0,3.0,0,390,2,1999.0,2060,3,298.0,0,5,7,992,1999,1999,214000
1440,0.0,4.0,1,0,1,1980.0,1440,2,0.0,0,3,4,1440,1977,1977,150000
1632,0.0,4.0,3,576,1,1967.0,1632,2,0.0,0,4,5,1632,1967,1967,143000
1344,0.0,3.0,0,525,2,1958.0,1344,3,541.0,118,6,6,819,1958,1958,137500
1188,561.0,3.0,0,456,1,1963.0,1869,2,0.0,0,6,5,1088,1890,1996,124900
1144,0.0,3.0,3,796,2,1959.0,1144,2,128.0,0,6,5,1144,1959,1959,143000
1629,0.0,3.0,3,808,3,2002.0,1629,3,236.0,252,5,8,1616,2002,2003,270000
936,840.0,3.0,0,474,2,2002.0,1776,3,144.0,96,5,7,936,2002,2002,192500
1381,0.0,3.0,0,676,1,1972.0,1381,3,0.0,0,7,6,1161,1972,2006,197500
864,0.0,3.0,0,720,2,1980.0,864,3,0.0,0,8,5,864,1950,2002,129000
965,0.0,3.0,0,300,1,1979.0,965,2,0.0,0,5,5,828,1965,1965,119900
768,0.0,2.0,3,396,3,1974.0,768,2,0.0,0,8,5,768,1972,2003,133900
1168,800.0,3.0,3,530,2,1969.0,1968,2,232.0,189,4,5,784,1969,1969,172000
980,0.0,4.0,1,0,1,1980.0,980,2,250.0,0,5,6,945,1975,1975,127500
979,979.0,4.0,0,492,1,1946.0,1958,2,423.0,0,6,6,979,1946,1950,145000
561,668.0,2.0,0,462,3,1980.0,1229,2,0.0,0,6,6,561,1980,1980,124000
1057,0.0,3.0,0,576,3,1977.0,1057,2,0.0,0,5,5,1057,1962,1962,132000
1337,0.0,3.0,2,531,2,2003.0,1337,3,0.0,39,5,7,1337,2003,2003,185000
696,720.0,3.0,0,484,1,1999.0,1416,3,0.0,44,5,7,696,1999,1999,155000
858,0.0,2.0,1,0,1,1980.0,858,2,0.0,0,7,5,858,1958,2008,116500
1542,1330.0,4.0,0,619,3,1977.0,2872,2,424.0,282,7,6,1330,1977,1995,272000
804,744.0,3.0,0,440,1,1976.0,1548,3,0.0,0,6,6,804,1976,1976,155000
1800,0.0,2.0,0,702,3,2007.0,1800,4,0.0,136,5,9,1800,2007,2007,239000
824,1070.0,4.0,0,510,1,2002.0,1894,3,44.0,40,5,7,817,2002,2003,214900
783,701.0,3.0,0,393,3,2005.0,1484,3,0.0,72,5,6,783,2005,2007,178900
976,332.0,2.0,0,256,1,1940.0,1308,2,0.0,70,7,5,728,1940,1950,160000
1098,0.0,3.0,0,260,1,1955.0,1098,2,151.0,0,7,5,1098,1955,1955,135000
600,0.0,3.0,0,0,1,1980.0,968,2,0.0,0,6,3,600,1910,1950,37900
1095,0.0,2.0,1,264,1,1958.0,1095,2,105.0,0,5,6,588,1958,1958,140000
720,472.0,4.0,0,0,1,1980.0,1192,2,0.0,0,4,4,720,1949,1950,135000
764,862.0,2.0,0,474,2,2003.0,1626,3,106.0,27,5,7,764,2003,2004,173000
918,0.0,2.0,0,264,1,1979.0,918,2,0.0,0,5,6,918,1979,1979,99500
1428,0.0,3.0,0,480,3,2007.0,1428,3,103.68526170798899,120,5,7,1428,2007,2008,182000
1136,883.0,3.0,0,532,1,1997.0,2019,3,0.0,135,8,7,728,1910,1993,167500
673,709.0,3.0,0,490,1,2000.0,1382,3,0.0,50,5,7,673,2000,2000,165000
869,0.0,2.0,0,0,1,1980.0,869,1,0.0,0,7,4,440,1923,1958,85500
1241,0.0,1.0,0,569,1,2007.0,1241,3,103.68526170798899,116,5,7,1241,2006,2007,199900
894,0.0,3.0,0,400,1,1999.0,894,2,0.0,0,5,4,894,1954,1954,110000
1121,0.0,3.0,0,480,1,1963.0,1121,2,0.0,80,6,5,1121,1963,1963,139000
999,0.0,3.0,3,588,2,1961.0,999,4,210.0,76,9,7,944,1961,2007,178400
1276,1336.0,4.0,0,676,3,1998.0,2612,3,975.0,0,5,8,1225,1998,1999,336000
1266,0.0,2.0,3,388,3,2007.0,1266,3,16.0,16,5,7,1266,2007,2007,159895
1149,1141.0,4.0,2,779,1,2002.0,2290,3,0.0,0,5,8,1128,2002,2002,255900
1302,432.0,4.0,0,539,1,1977.0,1734,3,0.0,0,5,5,0,1977,1977,126000
1164,0.0,3.0,0,240,1,1950.0,1164,2,0.0,48,5,5,1164,1950,1950,125000
1001,634.0,2.0,0,255,1,1950.0,1635,3,0.0,0,8,6,485,1910,2003,117000
1940,0.0,3.0,3,606,3,2010.0,1940,4,450.0,95,5,9,1930,2009,2010,395192
1118,912.0,4.0,0,551,3,1976.0,2030,3,298.0,224,6,6,848,1976,1976,195000
778,798.0,3.0,0,614,2,2006.0,1576,3,0.0,50,5,7,770,2006,2006,197000
1407,985.0,3.0,0,870,3,1997.0,2392,3,423.0,70,5,8,1396,1997,1998,348000
916,826.0,4.0,0,424,1,1925.0,1742,3,0.0,169,9,8,916,1882,1986,168000
1020,831.0,3.0,1,440,2,1964.0,1851,3,340.0,42,8,6,822,1964,1993,187000
750,750.0,3.0,0,564,2,2005.0,1500,3,0.0,35,5,6,750,2005,2006,173900
1718,0.0,3.0,1,786,3,2008.0,1718,4,230.0,48,5,10,1700,2006,2007,337500
774,456.0,3.0,0,305,1,1946.0,1230,2,0.0,57,7,4,747,1946,1950,121600
1050,0.0,3.0,0,368,1,1961.0,1050,2,0.0,319,6,5,1050,1961,1961,136500
1442,0.0,2.0,0,615,2,1970.0,1442,2,571.0,0,6,6,1442,1970,1970,185000
1077,0.0,3.0,0,210,1,1922.0,1077,2,0.0,100,4,3,1007,1922,1950,91000
1208,0.0,2.0,3,632,2,2006.0,1208,3,24.0,61,5,7,1187,2006,2006,206000
944,0.0,2.0,0,528,1,1956.0,944,1,0.0,0,3,3,0,1952,1952,82000
691,0.0,2.0,0,216,1,1920.0,691,4,0.0,20,6,5,691,1920,1950,86000
1574,0.0,3.0,0,824,2,2006.0,1574,3,53.0,104,5,8,1574,2006,2006,232000
1680,0.0,4.0,0,528,1,1976.0,1680,2,164.0,0,6,5,1680,1976,1976,136905
1504,0.0,1.0,0,457,3,2005.0,1504,3,16.0,0,5,7,1346,2005,2006,181000
985,0.0,3.0,3,328,1,1977.0,985,2,220.0,0,8,5,985,1977,1977,149900
1657,0.0,3.0,0,484,1,1970.0,1657,2,0.0,0,3,6,1657,1970,1970,163500
546,0.0,3.0,0,286,2,1970.0,1092,2,0.0,0,4,4,546,1970,1970,88000
1710,0.0,3.0,2,550,1,2004.0,1710,3,108.0,48,5,7,1710,2004,2005,240000
1008,0.0,4.0,0,0,1,1980.0,1522,2,0.0,0,5,5,1008,1926,1950,102000
720,551.0,3.0,0,312,1,1948.0,1271,2,0.0,0,5,5,720,1948,1950,135000
1664,0.0,4.0,0,0,1,1980.0,1664,2,0.0,0,5,5,0,1965,1965,100000
900,602.0,3.0,0,180,1,1923.0,1502,3,0.0,0,7,6,602,1923,1996,165000
1022,0.0,2.0,0,280,1,1956.0,1022,2,0.0,30,4,5,1022,1910,2006,85000
1082,0.0,2.0,0,240,1,1948.0,1082,2,206.0,130,5,6,1082,1948,1950,119200
810,855.0,3.0,0,528,3,2001.0,1665,3,0.0,45,6,8,810,2001,2001,227000
1504,0.0,3.0,1,478,3,1996.0,1504,3,196.0,66,5,7,1504,1996,1996,203000
1360,0.0,1.0,3,565,2,1984.0,1360,3,0.0,0,5,8,1220,1984,1984,187500
802,670.0,3.0,0,402,2,1991.0,1472,3,76.0,0,5,7,384,1991,1992,160000
1506,0.0,2.0,1,440,1,2005.0,1506,3,145.0,20,5,7,1362,2005,2005,213490
1132,0.0,2.0,0,451,3,2005.0,1132,3,0.0,64,5,4,1132,2005,2005,176000
1220,0.0,2.0,3,632,2,2006.0,1220,3,84.0,54,5,7,1199,2006,2006,194000
912,336.0,2.0,0,160,1,1957.0,1248,2,0.0,0,5,5,912,1930,1950,87000
1504,0.0,2.0,0,437,3,2005.0,1504,3,14.0,20,5,7,1346,2005,2006,191000
2898,0.0,2.0,3,665,3,1976.0,2898,3,0.0,72,6,8,1565,1976,1976,287000
882,0.0,3.0,0,461,1,1980.0,882,2,0.0,0,5,5,882,1972,1972,112500
1264,0.0,3.0,0,461,1,1960.0,1264,2,324.0,0,5,5,1268,1960,1960,167500
1646,0.0,3.0,1,800,2,2008.0,1646,3,338.0,44,5,8,1638,2007,2008,293077
968,408.0,3.0,0,240,1,1941.0,1376,2,0.0,0,5,5,768,1941,1950,105000
672,546.0,3.0,0,264,1,1972.0,1218,2,281.0,28,7,6,672,1972,1972,118000
948,980.0,5.0,2,0,1,1980.0,1928,2,0.0,0,8,5,686,1916,1995,160000
1687,998.0,5.0,0,672,3,1970.0,3082,2,0.0,63,3,7,824,1920,1970,197000
1352,1168.0,5.0,0,796,2,1993.0,2520,3,0.0,55,7,8,1338,1993,1993,310000
1654,0.0,3.0,0,900,1,2002.0,1654,3,295.0,136,5,7,1654,2002,2002,230000
954,0.0,2.0,0,240,1,1938.0,954,1,0.0,0,7,5,920,1938,1950,119750
845,0.0,3.0,0,290,1,1957.0,845,2,0.0,0,3,4,0,1957,1957,84000
1620,0.0,2.0,1,912,3,2008.0,1620,4,70.0,0,5,9,1620,2007,2008,315500
1055,1208.0,3.0,0,905,3,2001.0,2263,3,396.0,45,5,8,1055,2001,2002,287000
798,546.0,3.0,0,0,1,1980.0,1344,2,0.0,0,6,4,546,1970,2008,97000
630,0.0,1.0,3,286,1,1970.0,630,2,0.0,0,4,4,630,1970,1970,80000
1803,0.0,3.0,0,484,2,1957.0,1803,2,67.0,0,4,5,1134,1957,2000,155000
800,832.0,4.0,0,484,1,1966.0,1632,3,252.0,40,8,6,800,1966,2000,173000
1306,0.0,1.0,3,624,1,2005.0,1306,3,135.0,63,5,6,1306,2005,2005,196000
1532,797.0,4.0,0,514,1,1990.0,2329,3,99.0,121,5,7,1475,1990,1990,262280
2524,0.0,4.0,0,542,3,1981.0,2524,3,0.0,120,5,8,2524,1981,1981,278000
1733,0.0,4.0,0,452,1,1955.0,1733,2,0.0,0,5,3,0,1955,1955,139600
1992,876.0,4.0,3,716,3,2005.0,2868,4,208.0,108,5,9,1992,2005,2006,556581
990,0.0,3.0,0,672,1,1996.0,990,2,0.0,0,5,5,990,1994,1995,145000
1771,0.0,3.0,0,336,1,1960.0,1771,2,75.0,0,4,5,0,1960,2006,115000
930,0.0,2.0,0,308,1,1946.0,930,3,0.0,0,7,4,0,1946,2006,84900
1302,0.0,3.0,3,436,3,2007.0,1302,3,0.0,22,5,7,1302,2007,2007,176485
1316,0.0,3.0,3,440,3,2007.0,1316,3,0.0,20,5,7,1316,2007,2007,200141
1127,850.0,4.0,0,540,2,1964.0,1977,2,272.0,52,6,6,816,1964,1978,165000
1526,0.0,4.0,3,364,1,1957.0,1526,2,145.0,78,6,5,1216,1957,2002,144500
1091,898.0,3.0,2,586,3,2002.0,1989,3,210.0,60,5,8,1065,2002,2002,255000
1523,0.0,3.0,0,478,3,1976.0,1523,2,160.0,0,5,6,1193,1976,1976,180000
1364,0.0,2.0,3,484,2,2005.0,1364,3,240.0,36,5,7,1364,2005,2005,185850
979,871.0,3.0,0,467,3,1994.0,1850,3,0.0,98,6,7,973,1994,1994,248000
1130,1054.0,3.0,3,836,3,2008.0,2184,4,154.0,102,5,9,1104,2008,2008,335000
1096,895.0,3.0,2,432,1,1977.0,1991,2,480.0,0,7,6,854,1932,1950,220000
1338,0.0,2.0,2,582,3,2001.0,1338,3,0.0,0,5,8,1338,2001,2001,213500
894,0.0,2.0,0,1248,2,1994.0,894,2,0.0,20,4,3,894,1935,1950,81000
1422,915.0,5.0,0,560,1,1945.0,2337,2,0.0,57,5,5,662,1900,1950,90000
1103,0.0,2.0,0,440,1,1976.0,1103,3,0.0,120,6,6,1103,1925,1980,110500
1154,0.0,3.0,2,480,2,1966.0,1154,2,200.0,58,6,5,1154,1966,1966,154000
1306,954.0,3.0,1,533,1,1996.0,2260,3,0.0,44,5,7,1306,1996,1997,328000
799,772.0,3.0,0,380,2,1993.0,1571,2,0.0,40,7,6,799,1993,1994,178000
798,813.0,4.0,1,442,2,1964.0,1611,2,360.0,128,6,6,780,1964,1964,167900
1291,1230.0,5.0,0,576,1,1973.0,2521,2,0.0,20,4,6,942,1973,1973,151400
893,0.0,2.0,0,576,1,1985.0,893,3,0.0,0,7,5,845,1949,2003,135000
1048,0.0,3.0,0,286,1,1956.0,1048,2,120.0,20,5,5,1048,1956,1956,135000
829,727.0,4.0,0,441,1,1968.0,1556,2,0.0,0,6,6,727,1968,1968,154000
1002,454.0,4.0,2,280,1,1954.0,1456,2,0.0,0,3,5,810,1948,1950,91500
698,728.0,3.0,0,440,3,1977.0,1426,2,140.0,0,6,6,690,1977,1977,159500
1240,0.0,2.0,3,826,2,2006.0,1240,3,0.0,93,5,7,1240,2006,2006,194000
960,780.0,3.0,0,240,1,1940.0,1740,2,0.0,0,6,7,800,1940,1984,219500
1096,370.0,3.0,0,566,1,1950.0,1466,3,0.0,21,8,5,796,1936,1989,170000
1096,0.0,3.0,2,299,3,1969.0,1096,2,0.0,32,5,5,1096,1969,1969,138800
848,0.0,3.0,2,420,2,2004.0,848,3,169.0,0,5,6,848,2004,2004,155900
990,0.0,3.0,0,299,1,1996.0,990,2,0.0,64,5,5,990,1994,1994,126000
1258,0.0,3.0,0,528,1,1971.0,1258,3,144.0,0,7,6,1258,1971,2004,145000
1040,0.0,3.0,0,308,3,1963.0,1040,2,0.0,0,5,5,1040,1963,1963,133000
1459,0.0,3.0,0,527,2,2002.0,1459,3,100.0,39,5,7,1459,2002,2002,192000
1251,0.0,3.0,0,461,1,1964.0,1251,2,425.0,116,6,6,1251,1964,1964,160000
691,807.0,3.0,0,409,3,1995.0,1498,2,0.0,44,5,6,691,1995,1996,187500
996,0.0,2.0,3,564,1,1992.0,996,3,0.0,0,6,6,936,1992,1992,147000
546,546.0,3.0,0,286,2,1973.0,1092,2,0.0,96,5,4,546,1973,1973,83500
1082,871.0,3.0,2,1043,2,2005.0,1953,3,0.0,50,5,8,1082,2005,2006,252000
970,739.0,3.0,0,380,1,2004.0,1709,3,50.0,40,5,7,970,2004,2004,137500
1247,0.0,1.0,0,550,3,2005.0,1247,3,0.0,84,5,8,1247,2005,2005,197000
1040,0.0,2.0,0,400,1,1987.0,1040,2,0.0,0,4,3,0,1950,1950,92900
624,628.0,2.0,0,462,1,1999.0,1252,3,212.0,48,5,7,600,1999,2000,160000
1390,304.0,4.0,0,576,1,1925.0,1694,2,0.0,0,5,6,1181,1925,1950,136500
1200,0.0,1.0,2,884,1,1977.0,1200,3,166.0,64,8,5,864,1965,1998,146000
936,0.0,2.0,0,308,3,1956.0,936,2,0.0,0,7,5,936,1956,2000,129000
1314,0.0,3.0,0,440,2,2006.0,1314,3,0.0,22,5,6,1314,2006,2006,176432
773,582.0,3.0,0,0,1,1980.0,1355,3,0.0,0,7,6,684,1914,2006,127000
1088,0.0,2.0,0,461,2,1987.0,1088,3,0.0,74,5,8,1074,1986,1986,170000
757,567.0,3.0,0,240,1,1936.0,1324,2,0.0,0,6,4,672,1936,1950,128000
1601,0.0,3.0,0,478,2,1978.0,1601,2,206.0,0,5,7,1271,1978,1978,157000
438,0.0,1.0,0,246,1,1930.0,438,1,0.0,0,5,2,290,1920,1950,60000
950,0.0,3.0,0,280,1,1981.0,950,2,0.0,0,5,5,950,1971,1971,119500
1134,0.0,2.0,0,254,1,1960.0,1134,2,45.0,16,7,5,1010,1960,2002,135000
1194,0.0,3.0,2,539,3,1954.0,1194,2,0.0,0,6,6,655,1959,1959,159500
630,672.0,3.0,0,440,1,1970.0,1302,2,304.0,0,5,5,630,1970,1970,106000
1500,0.0,3.0,3,712,2,1994.0,2622,3,362.0,32,5,8,1463,1994,1995,325000
1442,0.0,3.0,2,719,3,1990.0,1442,3,0.0,244,5,7,910,1990,1991,179900
887,1134.0,3.0,0,422,2,2006.0,2021,3,0.0,100,5,7,868,2006,2006,274725
948,742.0,3.0,0,463,2,2000.0,1690,2,0.0,48,5,6,924,2000,2000,181000
1836,0.0,3.0,2,862,3,2004.0,1836,3,42.0,185,5,8,1836,2004,2005,280000
773,885.0,3.0,0,431,3,1995.0,1658,2,0.0,84,5,6,773,1995,1996,188000
1098,866.0,4.0,0,483,2,1976.0,1964,2,660.0,69,6,7,803,1976,1976,205000
816,0.0,2.0,0,308,1,1957.0,816,2,0.0,0,7,5,816,1957,1957,129900
1008,0.0,2.0,0,240,1,1953.0,1008,3,0.0,18,7,5,1008,1953,2006,134500
833,0.0,2.0,0,326,1,1955.0,833,3,0.0,0,7,5,833,1954,2000,117000
1734,0.0,3.0,0,928,1,2007.0,1734,4,328.0,0,5,8,1734,2007,2007,318000
779,640.0,3.0,0,527,3,2002.0,1419,3,0.0,0,5,8,408,2002,2002,184100
894,0.0,3.0,0,450,2,1967.0,894,3,0.0,0,7,5,894,1967,2003,130000
1021,580.0,3.0,0,300,2,1958.0,1601,2,0.0,34,6,5,533,1958,1987,140000
1040,0.0,3.0,0,286,2,1959.0,1040,2,0.0,0,5,5,1040,1959,1959,133700
1012,0.0,2.0,0,308,1,1920.0,1012,2,0.0,22,5,6,1012,1920,1950,118400
1552,0.0,3.0,3,782,1,2005.0,1552,3,196.0,20,5,7,1552,2005,2006,212900
960,0.0,3.0,0,288,1,1956.0,960,2,0.0,0,3,4,672,1956,1956,112000
698,0.0,2.0,0,0,1,1980.0,698,2,0.0,200,9,5,698,1947,2008,118000
812,670.0,3.0,0,392,3,1992.0,1482,3,170.0,25,5,7,384,1992,1992,163900
1005,0.0,2.0,0,672,1,1977.0,1005,1,0.0,0,5,4,1005,1955,1955,115000
1555,0.0,2.0,0,660,3,2007.0,1555,3,130.0,20,5,7,1373,2007,2007,174000
1530,0.0,3.0,3,630,3,2004.0,1530,3,0.0,36,5,7,1530,2004,2004,259000
847,1112.0,4.0,3,434,3,2004.0,1959,3,0.0,48,5,7,847,2004,2005,215000
936,0.0,2.0,1,672,1,1980.0,936,2,180.0,0,5,5,936,1980,1980,140000
1328,653.0,4.0,0,576,1,1981.0,1981,3,0.0,44,3,4,1122,1928,1950,135000
974,0.0,3.0,2,0,1,1980.0,974,2,0.0,28,5,5,974,1991,1992,93500
1178,1032.0,5.0,2,205,1,1930.0,2210,1,0.0,48,4,6,1008,1880,1950,117500
1142,878.0,3.0,0,466,2,1995.0,2020,3,0.0,155,5,8,1128,1995,1995,239500
916,684.0,3.0,3,460,3,1997.0,1600,2,0.0,38,5,6,916,1997,1997,169000
986,0.0,2.0,0,180,1,1926.0,986,2,0.0,128,5,6,960,1926,1950,102000
1032,220.0,3.0,0,288,1,1950.0,1252,2,0.0,0,5,6,1032,1950,1950,119000
780,240.0,2.0,0,0,1,1980.0,1020,2,0.0,0,8,5,780,1875,1996,94000
1567,0.0,2.0,1,714,2,1977.0,1567,3,0.0,32,5,6,1567,1977,1977,196000
1167,0.0,3.0,0,495,1,1972.0,1167,2,0.0,0,5,5,915,1920,1950,144000
952,0.0,2.0,2,840,1,1988.0,952,2,0.0,0,7,5,952,1951,1951,139000
1088,780.0,4.0,0,484,1,1976.0,1868,3,44.0,96,7,5,780,1976,1976,197500
1466,1362.0,4.0,1,1052,2,2006.0,2828,3,340.0,144,5,8,1466,2006,2007,424870
1006,0.0,3.0,0,0,1,1980.0,1006,2,0.0,24,3,5,1006,1959,1959,80000
672,252.0,2.0,0,280,1,1941.0,924,1,0.0,0,4,4,672,1941,1950,80000
1042,534.0,3.0,0,225,1,1928.0,1576,2,0.0,0,6,5,1042,1928,1950,149000
1298,0.0,3.0,0,403,1,1985.0,1298,3,85.0,26,5,6,1298,1985,1985,180000
860,704.0,3.0,0,234,1,1941.0,1564,1,0.0,0,7,7,704,1941,1950,174500
572,539.0,2.0,0,288,1,1982.0,1111,2,0.0,0,7,7,572,1926,1950,116900
832,650.0,3.0,0,324,1,1930.0,1482,2,0.0,0,9,7,650,1920,1988,143000
932,0.0,2.0,0,306,1,1950.0,932,3,0.0,0,5,6,932,1950,1950,124000
1466,0.0,3.0,0,528,3,1959.0,1466,1,132.0,140,4,5,1466,1959,1959,149900
1811,0.0,2.0,0,470,3,1956.0,1811,4,0.0,0,7,6,1073,1956,2004,230000
816,0.0,2.0,3,432,1,2002.0,816,2,0.0,0,8,6,816,1930,2007,120500
902,918.0,4.0,1,492,1,1965.0,1820,3,288.0,84,6,7,864,1965,1988,201800
1437,0.0,3.0,1,528,2,1976.0,1437,3,0.0,21,8,5,1437,1976,2004,218000
1265,0.0,3.0,1,502,2,1965.0,1265,3,0.0,92,8,5,1219,1965,1999,179900
1314,0.0,2.0,0,626,1,2008.0,1314,3,166.0,62,5,7,1314,2007,2008,230000
1580,0.0,3.0,0,830,2,2008.0,1580,3,186.0,24,5,8,1580,2007,2008,235128
943,933.0,4.0,0,540,2,1974.0,1876,3,270.0,69,6,6,901,1974,1974,185000
855,601.0,3.0,0,440,1,1978.0,1456,2,0.0,0,5,6,855,1978,1978,146000
1640,0.0,3.0,0,924,1,1993.0,1640,3,72.0,0,7,6,1296,1954,2006,224000
894,0.0,3.0,0,450,1,1968.0,894,2,0.0,0,5,5,894,1968,1968,129000
1258,0.0,0.0,3,400,1,1969.0,1258,2,0.0,0,4,4,1198,1969,1969,108959
1432,0.0,2.0,1,588,1,1978.0,1432,3,0.0,180,7,5,1360,1978,1978,194000
1502,0.0,3.0,0,644,2,2009.0,1502,3,268.0,114,5,7,1502,2009,2009,233170
1694,0.0,3.0,3,776,1,2008.0,1694,3,72.0,33,5,8,1694,2008,2008,245350
959,712.0,3.0,0,472,3,2000.0,1671,2,0.0,38,5,6,959,2000,2000,173000
1236,872.0,4.0,0,540,1,1935.0,2108,3,0.0,0,7,6,1127,1935,1986,235000
1831,1796.0,4.0,1,807,3,1995.0,3627,3,1378.0,76,5,10,1930,1995,1996,625000
1118,0.0,3.0,3,358,3,1977.0,1118,2,0.0,0,6,6,1096,1977,1977,171000
1261,0.0,3.0,0,433,2,1958.0,1261,2,0.0,0,6,6,1261,1958,1958,163000
625,625.0,2.0,0,625,3,2006.0,1250,3,0.0,54,5,7,625,2006,2007,171900
1636,971.0,3.0,0,0,1,1980.0,3086,4,0.0,0,6,5,1598,1946,1994,200500
1170,1175.0,4.0,0,360,1,1932.0,2345,2,0.0,0,8,6,952,1932,1950,239000
2129,743.0,4.0,0,541,3,1992.0,2872,3,337.0,33,5,8,1683,1992,2000,285000
923,0.0,3.0,0,264,1,1984.0,923,2,0.0,0,5,5,876,1984,1985,119500
818,406.0,3.0,0,210,1,1926.0,1224,2,0.0,0,8,6,818,1926,2004,115000
820,523.0,3.0,0,186,1,1921.0,1343,2,0.0,0,6,5,731,1921,1950,154900
1124,0.0,3.0,0,0,1,1980.0,1124,2,0.0,36,5,5,0,1954,1954,93000
1298,1216.0,4.0,0,693,3,1990.0,2514,2,0.0,0,5,7,1216,1990,1991,250000
1652,0.0,2.0,1,482,1,2008.0,1652,3,186.0,53,5,8,1600,2008,2008,392500
2411,2065.0,4.0,3,813,3,1996.0,4476,4,0.0,78,5,10,2396,1996,1996,745000
1130,0.0,2.0,0,720,1,1970.0,1130,2,0.0,0,6,5,1120,1920,1950,120000
1572,0.0,3.0,1,995,2,1963.0,1572,2,226.0,263,4,5,1572,1963,1963,186700
949,272.0,4.0,0,392,1,1965.0,1221,2,0.0,0,7,5,784,1924,1950,104900
1014,685.0,3.0,2,420,1,1920.0,1699,2,0.0,74,5,3,978,1900,1970,95000
1624,0.0,2.0,0,757,2,1994.0,1624,3,0.0,114,5,8,1624,1994,1995,262000
831,829.0,3.0,0,493,2,2002.0,1660,3,95.0,68,5,7,831,2002,2002,195000
1028,776.0,3.0,0,442,3,1999.0,1804,3,0.0,60,5,7,994,1999,1999,189000
1622,0.0,3.0,3,1356,3,1975.0,1622,2,149.0,0,4,4,1249,1961,1975,168000
764,677.0,2.0,0,492,1,1999.0,1441,3,456.0,0,5,8,776,1999,2000,174000
842,630.0,3.0,2,250,1,1925.0,1472,3,0.0,0,8,5,702,1925,1994,125000
1224,0.0,2.0,0,402,3,1999.0,1224,2,425.0,304,5,6,1224,1999,1999,165000
663,689.0,4.0,0,299,3,1969.0,1352,2,143.0,36,7,6,663,1969,1969,158000
728,728.0,3.0,0,400,1,2005.0,1456,3,0.0,24,5,6,728,2005,2005,176000
879,984.0,4.0,3,660,3,2006.0,1863,3,0.0,17,5,7,879,2006,2006,219210
815,875.0,3.0,0,225,1,1916.0,1690,2,0.0,0,6,7,815,1916,1950,144000
1212,0.0,3.0,0,573,2,2001.0,1212,3,0.0,0,5,7,1212,2001,2001,178000
1382,0.0,3.0,0,459,1,1974.0,1382,2,51.0,82,5,4,1051,1963,1979,148000
864,0.0,3.0,0,280,1,1972.0,864,2,0.0,0,5,4,864,1970,1970,116050
866,913.0,3.0,3,546,2,1998.0,1779,3,0.0,36,5,7,866,1998,1998,197900
884,464.0,3.0,0,216,1,1960.0,1348,2,0.0,0,8,5,884,1925,1997,117000
1630,0.0,3.0,0,451,1,2000.0,1630,3,171.0,234,5,7,1630,2000,2001,213000
1074,0.0,3.0,0,495,2,1975.0,1074,2,0.0,88,6,5,1056,1975,1975,153500
2196,0.0,3.0,2,701,2,1990.0,2196,3,234.0,70,7,7,2158,1990,1991,271900
1056,0.0,3.0,0,384,1,1966.0,1056,2,0.0,42,4,4,1056,1966,1966,107000
1700,0.0,3.0,3,544,2,2003.0,1700,3,120.0,23,5,6,1682,2003,2003,200000
1283,0.0,3.0,0,506,1,1980.0,1283,2,0.0,0,7,5,931,1962,1980,140000
1660,0.0,3.0,2,500,2,2006.0,1660,3,420.0,50,5,8,1660,2006,2006,290000
1055,790.0,3.0,0,462,2,1992.0,1845,3,0.0,104,5,6,1055,1992,1992,189000
1080,672.0,4.0,3,492,2,1988.0,1752,2,0.0,12,7,8,559,1988,2005,164000
672,0.0,2.0,0,234,1,1941.0,672,2,0.0,113,6,4,672,1941,1950,113000
960,0.0,0.0,3,364,1,1965.0,960,2,0.0,0,9,4,648,1965,2001,145000
999,0.0,3.0,3,300,1,1962.0,999,2,0.0,72,5,5,925,1962,1962,134500
894,0.0,3.0,0,384,1,1966.0,894,2,0.0,0,5,5,894,1966,1966,125000
1318,584.0,4.0,0,539,1,1978.0,1902,2,0.0,0,5,6,0,1978,1978,112000
1314,0.0,3.0,2,552,2,2009.0,1314,3,72.0,112,5,8,1300,2009,2009,229456
672,0.0,2.0,0,0,1,1980.0,912,2,0.0,0,5,4,0,1947,1950,80500
672,546.0,3.0,0,0,1,1980.0,1218,2,236.0,0,5,6,672,1971,1971,91500
912,0.0,2.0,0,288,1,1964.0,912,2,0.0,0,5,5,912,1964,1964,115000
1211,0.0,3.0,0,322,1,1968.0,1211,2,0.0,63,5,5,952,1968,1968,134000
1168,678.0,3.0,2,315,1,1949.0,1846,2,320.0,0,6,6,1040,1949,1950,143000
2136,0.0,4.0,0,528,1,1951.0,2136,2,44.0,30,3,5,2136,1951,1951,137900
788,702.0,3.0,3,388,3,2004.0,1490,3,0.0,75,5,7,788,2004,2005,184000
1138,0.0,3.0,3,264,1,1958.0,1138,2,63.0,0,8,6,588,1958,1958,145000
894,1039.0,4.0,2,668,3,2007.0,1933,3,74.0,18,5,6,894,2007,2007,214000
912,0.0,2.0,0,576,1,1992.0,912,3,300.0,240,8,5,912,1965,2008,147000
1702,0.0,1.0,0,1052,3,2008.0,1702,4,766.0,72,5,9,1702,2008,2008,367294
1507,0.0,4.0,0,404,1,1960.0,1507,2,0.0,0,5,5,1075,1960,1960,127000
1361,1259.0,4.0,0,600,2,1977.0,2620,2,1.0,24,5,5,1361,1977,1977,190000
1190,0.0,3.0,3,540,1,1962.0,1190,2,120.0,18,6,5,1106,1962,1962,132500
1224,0.0,2.0,0,462,1,1962.0,1224,2,0.0,0,5,4,0,1962,1962,101800
1188,0.0,3.0,0,531,2,1959.0,1188,2,180.0,0,5,5,1188,1959,1959,142000
1024,940.0,4.0,3,0,1,1980.0,1964,2,0.0,192,6,5,940,1911,1950,130000
892,892.0,4.0,2,180,1,1914.0,1784,2,0.0,40,5,5,747,1914,1950,138887
764,862.0,2.0,0,474,2,2003.0,1626,3,106.0,27,5,7,764,2003,2003,175500
847,1101.0,3.0,0,434,1,2004.0,1948,3,0.0,48,5,7,847,2004,2005,195000
1141,0.0,3.0,0,484,1,2005.0,1141,2,0.0,0,5,6,1141,2005,2005,142500
1484,0.0,3.0,3,472,2,2006.0,1484,4,32.0,33,5,8,1476,2006,2006,265900
884,884.0,3.0,0,543,1,2003.0,1768,3,252.0,63,5,7,884,2003,2003,224900
1689,0.0,3.0,3,954,2,2007.0,1689,3,0.0,56,6,7,1689,2007,2007,248328
1173,0.0,3.0,1,528,2,1974.0,1173,3,81.0,120,6,7,1053,1974,1974,170000
2076,0.0,2.0,1,850,1,2006.0,2076,4,103.68526170798899,229,5,10,2076,2006,2006,465000
792,725.0,3.0,0,400,1,1931.0,1517,3,0.0,0,7,8,792,1929,1950,230000
1140,728.0,3.0,0,477,3,1984.0,1868,2,74.0,112,7,6,585,1984,2003,178000
756,797.0,3.0,0,615,2,2005.0,1553,3,0.0,45,5,7,756,2005,2006,186500
1034,0.0,3.0,3,888,1,1976.0,1034,2,335.0,0,5,6,1012,1976,1976,169900
1134,924.0,3.0,0,396,1,1950.0,2058,2,0.0,0,5,6,735,1917,1950,129500
988,0.0,3.0,0,276,1,1950.0,988,2,0.0,80,7,5,876,1950,1950,119000
2110,0.0,3.0,0,522,3,1968.0,2110,4,0.0,0,5,7,2110,1968,1968,244000
1405,0.0,2.0,0,478,2,2003.0,1405,3,163.0,36,5,7,1405,2003,2003,171750
874,0.0,3.0,0,288,2,1968.0,874,2,0.0,0,6,5,864,1968,1968,130000
1516,651.0,3.0,1,518,2,1974.0,2167,3,0.0,47,7,7,1192,1974,2003,294000
760,896.0,3.0,0,397,3,2003.0,1656,3,92.0,128,5,7,746,2003,2004,165400
959,408.0,3.0,0,560,1,1978.0,1367,2,0.0,0,6,6,884,1931,1950,127500
1987,0.0,2.0,1,691,3,1994.0,1987,3,554.0,36,5,8,1986,1994,1994,301500
864,0.0,2.0,0,0,1,1980.0,864,2,0.0,96,8,5,864,1922,1950,99900
1166,0.0,2.0,1,400,3,2005.0,1166,3,182.0,0,5,7,856,2005,2005,190000
1054,0.0,3.0,0,460,1,1969.0,1054,2,0.0,0,8,6,1054,1969,1969,151000
892,783.0,3.0,0,502,3,1999.0,1675,2,0.0,103,5,6,841,1999,1999,181000
1050,0.0,2.0,0,338,1,1956.0,1050,2,0.0,0,6,5,1050,1956,1956,128900
1104,684.0,5.0,3,304,1,1957.0,1788,2,0.0,0,5,4,1104,1957,1989,161500
1060,764.0,3.0,0,520,1,1940.0,1824,2,0.0,0,6,6,764,1919,1950,180500
1337,0.0,2.0,0,511,3,1998.0,1337,3,0.0,68,5,6,1405,1998,1999,181000
713,739.0,3.0,0,506,1,1999.0,1452,3,218.0,34,5,7,691,1999,1999,183900
964,925.0,4.0,0,308,1,1960.0,1889,2,0.0,0,4,7,925,1910,1950,122000
2018,0.0,3.0,1,746,3,2009.0,2018,4,0.0,76,5,9,2002,2008,2009,378500
1968,1479.0,4.0,2,1014,1,1982.0,3447,3,632.0,12,9,8,728,1935,1997,381000
874,650.0,3.0,0,315,1,1958.0,1524,2,180.0,0,5,5,874,1958,1958,144000
1332,192.0,0.0,1,586,3,1979.0,1524,3,0.0,0,6,7,1332,1979,1979,260000
1489,0.0,3.0,0,462,2,1968.0,1489,3,0.0,0,7,6,1489,1968,1968,185750
935,0.0,3.0,0,288,1,1965.0,935,2,114.0,0,6,5,935,1965,1965,137000
1357,0.0,2.0,3,312,2,1959.0,1357,4,84.0,0,7,6,1019,1959,2006,177000
661,589.0,3.0,0,552,1,1985.0,1250,2,0.0,0,6,5,661,1910,2003,139000
928,992.0,4.0,0,400,1,1948.0,1920,2,567.0,0,5,5,928,1948,1950,137000
735,660.0,3.0,0,497,1,1972.0,1395,2,0.0,116,6,6,723,1972,1972,162000
1724,0.0,3.0,3,480,2,1967.0,1724,2,359.0,0,5,6,1680,1967,1976,197900
1128,903.0,3.0,0,577,1,2002.0,2031,3,103.68526170798899,211,5,8,1128,2002,2002,237000
698,430.0,2.0,0,528,2,1980.0,1128,2,0.0,0,4,4,698,1920,1950,68400
1573,0.0,3.0,0,544,2,2002.0,1573,3,110.0,72,5,7,1573,2002,2002,227000
1339,0.0,3.0,0,484,3,1990.0,1339,2,54.0,58,5,7,1309,1990,1990,180000
1040,0.0,3.0,2,484,1,1977.0,1040,3,0.0,0,7,5,1040,1977,2008,150500
912,912.0,4.0,3,0,1,1980.0,1824,2,0.0,0,5,6,912,1971,1971,139000
1699,748.0,4.0,0,336,1,1969.0,2447,3,0.0,0,7,6,804,1919,1990,169000
825,587.0,4.0,0,280,1,1939.0,1412,2,0.0,0,6,6,780,1939,1950,132500
1328,0.0,3.0,0,528,1,1963.0,1328,2,451.0,26,5,6,1328,1963,1963,143000
1582,0.0,4.0,3,390,1,1964.0,1582,2,621.0,198,5,5,1624,1964,1964,190000
1659,0.0,2.0,0,499,3,2000.0,1659,4,0.0,59,5,8,1501,2000,2000,278000
1120,850.0,3.0,2,753,3,2006.0,1970,4,788.0,74,5,8,1085,2006,2006,281000
1152,0.0,3.0,3,484,2,1964.0,1152,2,86.0,0,7,5,1152,1964,1964,180500
630,672.0,3.0,0,264,1,1972.0,1302,2,268.0,0,7,5,630,1972,1972,119500
1378,994.0,4.0,0,432,2,1985.0,2372,2,0.0,287,4,5,994,1892,1965,107500
832,832.0,4.0,0,528,2,1976.0,1664,2,0.0,28,5,7,832,1976,1976,162900
864,0.0,2.0,0,572,1,1957.0,864,2,0.0,0,7,5,864,1955,1990,115000
1052,0.0,3.0,3,288,2,1968.0,1052,2,168.0,0,5,5,1052,1968,1968,138500
1128,0.0,3.0,2,525,2,1963.0,1128,2,148.0,20,6,5,1120,1963,1963,155000
1072,0.0,2.0,1,525,3,2005.0,1072,2,82.0,44,5,6,547,2005,2006,140000
4692,950.0,3.0,1,1418,3,2008.0,5642,4,796.0,292,5,10,6110,2008,2008,160000
1246,0.0,3.0,0,305,2,1959.0,1246,3,0.0,0,7,5,1246,1959,1994,154000
1005,978.0,3.0,0,490,3,1999.0,1983,3,344.0,0,5,7,978,1999,1999,225000
753,741.0,3.0,0,213,1,1942.0,1494,3,0.0,0,7,6,771,1942,1950,177500
1203,1323.0,4.0,0,844,1,1994.0,2526,3,391.0,78,5,8,1165,1994,1994,290000
1616,0.0,3.0,3,834,2,2005.0,1616,3,228.0,59,5,7,1616,2005,2005,232000
976,732.0,3.0,0,380,1,2004.0,1708,3,117.0,40,5,7,976,2004,2004,130000
1652,0.0,2.0,0,840,3,2006.0,1652,4,300.0,102,5,9,1652,2006,2007,325000
1368,0.0,2.0,0,474,2,2005.0,1368,3,94.0,35,5,7,1368,2005,2006,202500
990,0.0,3.0,0,480,1,2000.0,990,2,0.0,64,5,5,990,1994,1995,138000
1122,0.0,2.0,0,528,1,1948.0,1122,3,0.0,36,7,5,924,1948,2005,147000
1294,0.0,3.0,0,496,1,1991.0,1294,3,88.0,51,5,6,1278,1991,1991,179200
1902,0.0,3.0,3,567,3,1959.0,1902,4,0.0,207,8,7,1902,1959,2002,335000
1274,0.0,3.0,0,508,1,2005.0,1274,3,80.0,98,5,7,1274,2005,2007,203000
1453,1357.0,4.0,0,750,2,1990.0,2810,3,336.0,0,5,8,1453,1990,1990,302000
1422,1177.0,4.0,0,779,3,1999.0,2599,3,165.0,30,5,9,1393,1999,1999,333168
948,0.0,3.0,0,280,1,1956.0,948,2,0.0,36,6,4,948,1954,1954,119000
1092,1020.0,4.0,2,576,1,1969.0,2112,2,0.0,0,5,6,952,1969,1969,206900
1630,0.0,3.0,1,860,2,2008.0,1630,4,270.0,42,5,8,1622,2008,2008,295493
1352,0.0,2.0,0,466,1,2006.0,1352,3,0.0,241,5,7,1352,2006,2007,208900
1787,0.0,3.0,1,748,2,2001.0,1787,3,178.0,150,5,8,1753,2001,2002,275000
948,0.0,3.0,0,248,1,1954.0,948,2,132.0,0,5,4,864,1954,1954,111000
1478,0.0,3.0,0,442,2,1957.0,1478,2,0.0,0,3,6,1478,1957,1957,156500
720,0.0,2.0,0,287,1,1955.0,720,2,0.0,0,6,3,0,1949,1950,72500
1061,862.0,3.0,0,564,2,1992.0,1923,3,0.0,39,5,7,750,1992,1992,190000
708,0.0,2.0,0,0,1,1980.0,708,1,0.0,0,7,4,420,1940,1950,82500
1795,0.0,2.0,3,895,2,2007.0,1795,3,428.0,49,5,8,1795,2006,2007,147000
796,0.0,2.0,0,0,1,1980.0,796,2,0.0,0,4,4,796,1922,1950,55000
774,0.0,3.0,0,0,1,1980.0,774,3,0.0,0,6,3,544,1931,2006,79000
816,0.0,3.0,0,264,1,1982.0,816,3,0.0,0,9,5,816,1982,2008,130500
1584,1208.0,3.0,0,520,1,1920.0,2792,2,0.0,547,7,6,1510,1920,1950,256000
955,0.0,3.0,0,462,3,1998.0,1632,2,0.0,28,5,7,935,1998,1998,176500
1588,0.0,3.0,3,825,1,2006.0,1588,3,410.0,45,5,8,1588,2006,2006,227000
954,0.0,3.0,3,576,1,1976.0,954,2,0.0,0,5,5,911,1976,1976,132500
816,0.0,2.0,2,288,1,1958.0,816,2,0.0,0,6,4,816,1938,1958,100000
803,557.0,2.0,0,297,1,1951.0,1360,3,0.0,65,6,5,803,1938,1995,125500
765,600.0,3.0,0,440,1,1970.0,1365,2,312.0,36,6,5,765,1970,1970,125000
1334,0.0,2.0,0,630,2,1977.0,1334,2,360.0,16,5,6,1350,1977,1977,167900
1656,0.0,4.0,0,506,1,1973.0,1656,2,564.0,211,5,5,1656,1973,1973,135000
693,0.0,2.0,0,0,1,1980.0,693,1,0.0,20,4,4,693,1941,1950,52500
920,941.0,3.0,0,492,2,2002.0,1861,3,0.0,91,5,7,916,2002,2002,200000
864,0.0,3.0,2,288,2,1972.0,864,2,0.0,0,7,5,864,1972,1972,128500
872,0.0,3.0,0,480,1,1974.0,872,2,0.0,0,5,4,858,1971,1971,123000
1114,0.0,3.0,0,576,1,2004.0,1114,3,0.0,78,5,6,1114,2003,2004,155000
1284,885.0,3.0,0,647,2,2002.0,2169,3,149.0,87,5,8,1284,2002,2002,228500
1172,741.0,3.0,0,342,1,1929.0,1913,2,0.0,0,6,6,896,1928,1950,177000
728,728.0,3.0,0,440,3,2006.0,1456,3,0.0,0,5,7,728,2006,2006,155835
960,0.0,2.0,0,308,1,1997.0,960,1,0.0,0,4,4,960,1920,1950,108500
2156,0.0,3.0,0,508,2,1968.0,2156,2,0.0,80,7,7,1568,1968,2003,262500
1776,0.0,3.0,1,712,3,2006.0,1776,3,100.0,0,5,8,1732,2006,2007,283463
1494,0.0,3.0,1,514,2,1998.0,1494,3,0.0,25,5,7,1482,1998,1998,215000
938,1215.0,4.0,0,0,1,1980.0,2358,2,0.0,54,5,8,684,1872,1987,122000
1338,1296.0,6.0,0,968,1,1969.0,2634,2,368.0,0,5,5,1248,1969,1969,200000
858,858.0,4.0,0,490,3,1962.0,1716,2,318.0,84,6,6,858,1962,1962,171000
786,390.0,2.0,0,624,1,1999.0,1176,2,0.0,0,9,6,698,1937,2000,134900
2053,1185.0,4.0,3,666,3,1996.0,3238,3,579.0,86,5,8,2033,1995,1996,410000
992,873.0,3.0,0,839,1,2000.0,1865,3,0.0,184,5,7,992,2000,2000,235000
1222,698.0,4.0,0,487,2,1968.0,1920,3,143.0,98,6,7,570,1968,1992,170000
892,0.0,3.0,0,264,2,1966.0,892,2,65.0,0,5,5,864,1966,1966,110000
1078,0.0,3.0,0,500,3,1971.0,1078,2,0.0,0,6,5,1078,1971,2008,149900
769,804.0,3.0,0,440,1,2000.0,1573,3,216.0,32,5,6,756,2000,2000,177500
1980,0.0,3.0,3,770,3,2004.0,1980,4,66.0,45,5,9,1980,2004,2005,315000
990,1611.0,4.0,0,621,2,1998.0,2601,2,0.0,0,6,5,612,1921,1998,189000
1530,0.0,3.0,3,430,3,2005.0,1530,3,16.0,36,5,7,1530,2005,2005,260000
1281,457.0,4.0,0,368,1,1920.0,1738,2,0.0,0,4,4,715,1920,2007,104900
616,796.0,3.0,0,432,3,2007.0,1412,3,0.0,36,5,6,616,2006,2007,156932
520,600.0,2.0,0,480,2,2005.0,1200,3,0.0,166,5,7,600,2005,2005,144152
814,860.0,3.0,0,663,2,2000.0,1674,3,0.0,96,5,7,814,2000,2000,216000
882,908.0,3.0,0,588,2,1999.0,1790,3,158.0,88,5,7,873,1999,1999,193000
925,550.0,4.0,0,336,2,1977.0,1475,2,0.0,26,6,5,757,1977,1977,127000
848,0.0,1.0,3,420,3,2003.0,848,3,170.0,0,5,6,848,2003,2004,144000
1668,0.0,3.0,3,502,3,2003.0,1668,3,171.0,262,5,8,1657,2003,2003,232000
840,534.0,2.0,0,338,3,1967.0,1374,2,0.0,0,6,4,840,1920,1950,105000
1661,0.0,3.0,3,377,2,1955.0,1661,3,0.0,28,6,6,992,1955,1996,165500
1108,989.0,3.0,3,583,2,1998.0,2097,3,0.0,170,6,7,1108,1998,1998,274300
2633,0.0,2.0,1,804,2,2001.0,2633,4,705.0,140,5,10,2633,2001,2002,466500
1026,932.0,3.0,0,936,3,2005.0,1958,3,0.0,210,5,7,1026,2005,2005,250000
1571,0.0,3.0,1,722,3,2007.0,1571,3,80.0,36,5,8,1571,2007,2007,239000
790,0.0,2.0,2,160,1,1925.0,790,2,0.0,141,5,6,768,1930,1950,91000
984,620.0,3.0,0,660,1,1977.0,1604,2,0.0,68,5,5,984,1941,1960,117000
483,504.0,2.0,0,264,1,1973.0,987,2,408.0,0,5,6,483,1973,1973,83000
754,640.0,3.0,0,400,3,2007.0,1394,3,0.0,0,5,5,384,2006,2007,167500
864,0.0,2.0,0,200,1,1938.0,864,2,0.0,0,3,3,864,1914,1950,58500
2117,0.0,4.0,2,550,3,1970.0,2117,2,0.0,42,7,6,1205,1970,1970,237500
998,764.0,4.0,0,576,1,1989.0,1762,3,0.0,0,7,7,596,1920,1950,157000
1416,0.0,3.0,0,576,1,2007.0,1416,3,0.0,0,7,5,816,1918,2007,112000
698,560.0,2.0,2,280,1,1939.0,1258,2,0.0,0,5,6,560,1939,1950,105000
796,358.0,3.0,0,240,1,1922.0,1154,3,0.0,96,8,4,796,1922,2007,125500
1392,1392.0,5.0,0,564,2,1978.0,2784,3,184.0,112,5,7,1392,1978,1978,250000
1664,862.0,5.0,0,216,1,1916.0,2526,3,0.0,15,7,6,714,1916,1950,136000
1746,0.0,3.0,1,758,3,2006.0,1746,4,160.0,39,5,9,1746,2006,2007,377500
869,349.0,3.0,0,440,1,2003.0,1218,2,0.0,0,6,6,735,1941,1950,131000
1525,0.0,3.0,3,541,2,2000.0,1525,3,244.0,36,5,7,1525,2000,2000,235000
1584,0.0,4.0,0,792,1,1967.0,1584,2,0.0,152,5,5,1584,1967,1967,124000
900,0.0,3.0,3,288,2,1967.0,900,2,0.0,144,5,5,864,1967,1967,123000
1221,691.0,3.0,0,672,1,2003.0,1912,2,0.0,25,7,6,482,1905,2000,163000
1500,0.0,3.0,3,648,3,2006.0,1500,3,45.0,20,5,7,1356,2006,2006,246578
1133,1349.0,4.0,1,642,3,2005.0,2482,3,245.0,39,5,8,1094,2005,2006,281213
1687,0.0,3.0,3,572,1,1966.0,1687,2,0.0,0,5,5,747,1948,1950,160000
939,574.0,4.0,2,180,1,1933.0,1513,2,0.0,0,8,5,939,1920,2004,137500
1136,768.0,3.0,0,240,1,1950.0,1904,2,0.0,0,4,5,1208,1950,1982,138000
1160,448.0,3.0,0,216,1,1925.0,1608,3,0.0,16,6,6,976,1925,1990,137450
950,208.0,3.0,0,208,2,1929.0,1158,2,0.0,0,7,6,862,1929,1950,120000
864,729.0,3.0,0,398,1,2004.0,1593,2,0.0,75,5,6,839,2004,2004,193000
1294,0.0,2.0,3,662,2,2006.0,1294,3,0.0,55,5,7,1286,2006,2006,193879
1464,0.0,3.0,1,754,1,2007.0,1464,3,84.0,160,5,8,1485,2007,2007,282922
694,0.0,3.0,0,936,1,1998.0,1214,2,0.0,0,4,3,672,1915,1950,105000
1646,0.0,2.0,1,482,3,2004.0,1646,3,174.0,53,5,8,1594,2004,2005,275000
768,0.0,2.0,3,396,1,1988.0,768,2,0.0,0,7,5,768,1972,2007,133000
833,0.0,3.0,0,0,1,1980.0,833,2,0.0,0,5,5,833,1985,1985,112000
741,622.0,3.0,0,528,1,1966.0,1363,2,0.0,0,7,4,622,1910,1950,125500
1236,857.0,3.0,0,542,3,1986.0,2093,2,123.0,63,6,7,791,1986,1991,215000
944,896.0,3.0,0,622,2,2001.0,1840,3,0.0,45,5,7,944,2001,2001,230000
1112,0.0,3.0,0,271,1,1950.0,1668,2,0.0,0,8,6,856,1950,2005,140000
1040,0.0,2.0,0,420,1,1956.0,1040,2,0.0,0,5,4,0,1949,1950,90000
1844,0.0,2.0,0,620,3,2005.0,1844,3,366.0,44,5,8,1844,2005,2006,257000
1053,795.0,4.0,0,370,1,1922.0,1848,3,0.0,0,7,6,833,1923,2000,207000
1569,0.0,1.0,0,660,1,2007.0,1569,3,130.0,20,5,7,1386,2007,2007,175900
1246,1044.0,4.0,0,560,1,1971.0,2290,2,0.0,0,6,4,777,1885,1950,122500
1310,1140.0,3.0,2,1069,3,1998.0,2450,3,731.0,126,5,8,1284,1998,1998,340000
1144,0.0,3.0,0,336,1,1962.0,1144,2,0.0,88,5,5,1144,1963,1963,124000
1844,0.0,3.0,3,540,2,1969.0,1844,3,312.0,73,5,6,1844,1969,1969,223000
708,708.0,3.0,0,776,2,1968.0,1416,2,420.0,169,6,6,708,1968,1968,179900
1069,0.0,2.0,0,440,2,1977.0,1069,2,0.0,55,5,6,1069,1977,1977,127500
848,0.0,1.0,3,420,3,2003.0,848,3,170.0,0,5,6,848,2003,2003,136500
1575,626.0,4.0,3,432,1,1966.0,2201,3,0.0,236,7,6,697,1966,1966,274970
1344,0.0,2.0,0,484,1,1970.0,1344,2,0.0,28,5,5,1024,1958,1983,144000
1252,0.0,3.0,0,528,1,1960.0,1252,3,243.0,39,6,6,1252,1959,1959,142000
1223,904.0,3.0,0,525,2,1994.0,2127,3,448.0,132,5,7,1223,1994,1994,271000
1048,0.0,3.0,0,288,1,1962.0,1558,2,0.0,0,6,5,913,1945,1950,140000
804,0.0,3.0,0,240,1,1940.0,804,3,294.0,0,7,5,788,1940,1992,119000
1440,0.0,3.0,0,467,3,1981.0,1440,3,310.0,0,7,6,1440,1981,1981,182900
734,1104.0,4.0,3,372,3,2005.0,1838,2,0.0,40,5,5,732,2005,2005,192140
958,0.0,2.0,0,440,2,1976.0,958,2,0.0,60,6,6,958,1976,1976,143750
968,0.0,4.0,0,216,1,1928.0,968,2,0.0,0,6,4,656,1927,2007,64500
962,830.0,3.0,0,451,3,2000.0,1792,2,318.0,0,5,6,936,2000,2000,186500
1126,0.0,3.0,0,484,2,1977.0,1126,2,0.0,41,5,5,1126,1977,1977,160000
1537,0.0,3.0,0,462,2,1962.0,1537,3,237.0,36,9,6,1319,1962,2005,174000
864,0.0,3.0,0,528,1,1974.0,864,2,0.0,0,6,4,864,1971,1971,120500
1932,0.0,2.0,3,774,3,2008.0,1932,4,426.0,66,5,8,1932,2008,2008,394617
1236,0.0,2.0,0,923,1,1957.0,1236,2,0.0,158,7,6,912,1957,1996,149700
1040,685.0,3.0,0,550,2,1979.0,1725,2,96.0,88,6,7,539,1979,1979,197000
1423,748.0,3.0,0,672,3,1993.0,2555,2,0.0,0,7,6,588,1922,1994,191000
848,0.0,1.0,3,420,2,2004.0,848,3,147.0,0,5,6,848,2004,2004,149300
1026,981.0,3.0,3,812,1,2008.0,2007,4,160.0,52,5,10,1017,2008,2008,310000
952,0.0,2.0,0,192,1,1916.0,952,1,0.0,98,6,6,952,1916,1950,121000
1422,0.0,3.0,3,626,2,2004.0,1422,3,106.0,60,5,7,1422,2004,2004,179600
913,0.0,3.0,1,240,1,1990.0,913,2,0.0,0,5,6,814,1966,1966,129000
1188,0.0,3.0,0,312,1,1962.0,1188,2,189.0,39,7,5,1188,1962,1962,157900
1220,870.0,3.0,0,556,2,1995.0,2090,3,438.0,65,5,8,1220,1995,1996,240000
796,550.0,2.0,0,384,1,1950.0,1346,2,0.0,24,7,4,560,1910,2000,112000
630,0.0,1.0,3,0,1,1980.0,630,4,0.0,0,7,5,630,1970,1970,92000
896,896.0,4.0,0,0,1,1980.0,1792,2,0.0,45,5,5,896,1974,1974,136000
1578,0.0,3.0,0,840,1,2008.0,1578,4,194.0,36,5,8,1573,2008,2009,287090
1072,0.0,2.0,1,525,3,2005.0,1072,2,80.0,28,5,5,547,2005,2005,145000
1140,0.0,3.0,0,0,1,1980.0,1140,2,0.0,56,5,5,1140,2006,2006,84500
1221,0.0,2.0,0,400,2,2004.0,1221,3,0.0,113,5,7,1221,2004,2005,185000
953,694.0,3.0,0,460,2,1999.0,1647,2,0.0,40,5,6,953,1999,2000,175000
2073,0.0,3.0,0,500,1,1978.0,2073,2,119.0,0,6,6,1542,1978,1988,210000
1188,1152.0,4.0,0,252,2,1941.0,2340,3,0.0,60,9,7,1152,1941,2006,266500
1078,0.0,2.0,2,240,1,1950.0,1078,3,0.0,0,6,5,1078,1950,1996,142125
1256,0.0,3.0,0,276,3,1965.0,1256,2,0.0,68,6,5,1256,1965,1965,147500
