1stFlrSF,2ndFlrSF,BsmtFinSF1,GarageArea,GarageFinish,GarageYrBlt,GrLivArea,KitchenQual,LotFrontage,MasVnrArea,OpenPorchSF,OverallQual,TotalBsmtSF,YearBuilt,YearRemodAdd,SalePrice
1682,0.0,0,530,1,1970.0,1682,2,80.0,288.0,0,7,1304,1970,1970,174000
1072,0.0,547,525,3,2005.0,1072,2,35.0,80.0,28,5,547,2005,2005,145000
764,783.0,24,614,1,2009.0,1547,3,72.0,0.0,45,7,756,2009,2009,215200
1905,0.0,0,788,3,2006.0,1905,4,84.0,302.0,191,9,1905,2006,2006,320000
827,834.0,385,550,2,1996.0,1661,3,43.0,0.0,61,7,799,1996,1996,212000
1350,0.0,624,520,2,1964.0,1350,2,82.0,259.0,0,6,1248,1964,1964,168500
1055,790.0,0,462,2,1992.0,1845,3,70.0,0.0,104,6,1055,1992,1992,189000
1021,580.0,0,300,2,1958.0,1601,2,85.0,0.0,34,5,533,1958,1987,140000
691,807.0,592,409,3,1995.0,1498,2,,0.0,44,6,691,1995,1996,187500
991,956.0,222,678,2,2004.0,1947,3,100.0,0.0,136,7,991,2004,2005,254900
1098,0.0,902,260,1,1955.0,1098,2,,151.0,0,5,1098,1955,1955,135000
1054,0.0,602,460,1,1969.0,1054,2,65.0,0.0,0,6,1054,1969,1969,151000
928,0.0,308,288,3,1957.0,928,2,50.0,0.0,0,5,928,1957,1957,112500
1133,687.0,329,240,1,1925.0,1820,2,60.0,0.0,100,7,1026,1925,1950,184000
1687,998.0,523,672,3,1970.0,3082,2,102.0,0.0,63,7,824,1920,1970,197000
1104,684.0,0,304,1,1957.0,1788,2,,0.0,0,4,1104,1957,1989,161500
1022,0.0,247,280,1,1956.0,1022,2,60.0,0.0,30,5,1022,1910,2006,85000
1274,0.0,925,508,1,2005.0,1274,3,68.0,80.0,98,7,1274,2005,2007,203000
1134,1370.0,0,656,3,2005.0,2504,4,77.0,245.0,39,9,1122,2005,2007,325000
1476,677.0,904,736,3,2000.0,2153,4,,204.0,142,9,1440,2000,2000,313000
1128,903.0,804,577,1,2002.0,2031,3,75.0,103.68526170798899,211,8,1128,2002,2002,237000
1060,764.0,0,520,1,1940.0,1824,2,60.0,0.0,0,6,764,1919,1950,180500
1008,0.0,486,275,1,1954.0,1008,2,,0.0,0,5,1008,1954,1954,137000
694,0.0,365,352,1,1990.0,694,3,40.0,0.0,0,5,440,1913,2002,90350
1728,0.0,936,574,1,1976.0,1728,2,55.0,0.0,0,6,1728,1976,1976,150900
1588,0.0,1162,472,2,1999.0,1588,3,78.0,183.0,29,7,1588,1999,1999,214000
1392,0.0,1302,528,1,1957.0,1392,2,,180.0,0,5,1392,1957,1996,121500
2411,2065.0,2096,813,3,1996.0,4476,4,160.0,0.0,78,10,2396,1996,1996,745000
1161,808.0,0,534,2,1977.0,1969,2,92.0,0.0,0,7,808,1977,1977,190000
1504,0.0,16,457,3,2005.0,1504,3,43.0,16.0,0,7,1346,2005,2006,181000
1276,0.0,0,350,1,1958.0,1276,2,68.0,0.0,0,5,1276,1958,1958,60000
1800,0.0,0,702,3,2007.0,1800,4,122.0,0.0,136,9,1800,2007,2007,239000
816,0.0,816,0,1,,816,2,81.0,104.0,32,6,816,1990,1990,118500
1040,0.0,0,625,1,1950.0,1040,2,60.0,0.0,0,5,0,1950,1950,109500
924,0.0,0,280,1,1981.0,924,2,88.0,0.0,0,5,924,1975,1975,110000
832,0.0,0,528,1,1962.0,832,3,59.0,0.0,0,6,832,1954,1954,105500
956,930.0,0,431,3,1998.0,1886,3,,0.0,0,7,930,1998,1999,199900
2196,0.0,485,701,2,1990.0,2196,3,90.0,234.0,70,7,2158,1990,1991,271900
1039,0.0,841,504,1,1965.0,1039,2,75.0,0.0,0,5,1039,1965,1965,131500
720,551.0,0,312,1,1948.0,1271,2,115.0,0.0,0,5,720,1948,1950,135000
961,406.0,241,384,1,1978.0,1367,2,50.0,0.0,130,5,861,1900,1950,119000
1236,857.0,0,542,3,1986.0,2093,2,46.0,123.0,63,7,791,1986,1991,215000
864,0.0,460,338,1,1972.0,864,2,36.0,0.0,0,5,864,1972,1972,133500
1699,748.0,0,336,1,1969.0,2447,3,50.0,0.0,0,6,804,1919,1990,169000
1054,0.0,763,480,2,1963.0,1054,3,80.0,156.0,0,6,936,1963,1963,137500
1120,0.0,206,0,1,,1120,2,70.0,0.0,30,5,1120,2007,2007,147000
1616,0.0,0,834,2,2005.0,1616,3,73.0,228.0,59,7,1616,2005,2005,232000
1073,0.0,836,515,2,1965.0,1073,2,79.0,168.0,0,5,1073,1965,1965,156000
1389,0.0,1071,418,2,1975.0,1389,2,77.0,0.0,38,5,1389,1974,1975,170000
861,0.0,262,539,1,1961.0,861,2,,0.0,0,4,861,1940,1950,82500
575,560.0,350,576,2,1971.0,1135,3,60.0,0.0,0,7,560,1936,2007,155000
1466,1362.0,1150,1052,2,2006.0,2828,3,77.0,340.0,144,8,1466,2006,2007,424870
1616,0.0,1180,608,2,1995.0,1616,3,39.0,0.0,152,8,1595,1995,1996,236500
1437,0.0,1157,528,2,1976.0,1437,3,90.0,0.0,21,5,1437,1976,2004,218000
1630,0.0,0,451,1,2000.0,1630,3,75.0,171.0,234,7,1630,2000,2001,213000
1800,0.0,1274,765,3,2002.0,1800,3,85.0,630.0,78,8,1800,2002,2002,312500
1094,761.0,0,512,2,1976.0,1855,2,80.0,360.0,100,6,528,1976,1994,187000
892,783.0,0,502,3,1999.0,1675,2,,0.0,103,6,841,1999,1999,181000
956,1128.0,656,618,2,2004.0,2084,3,76.0,0.0,45,7,956,2004,2004,233000
616,495.0,236,200,1,1941.0,1111,2,60.0,0.0,0,5,616,1941,1950,95000
729,0.0,0,0,1,,729,2,56.0,0.0,0,3,270,1935,2003,52000
1586,0.0,0,435,1,1979.0,1586,2,48.0,0.0,0,6,1362,1979,1998,181000
2234,0.0,1904,1166,3,2009.0,2234,4,63.0,748.0,60,9,2216,2008,2009,501837
858,0.0,614,0,1,,858,2,,0.0,0,4,858,1971,1971,88000
833,0.0,625,0,1,,833,2,,0.0,0,5,833,1985,1985,112000
1283,0.0,504,506,1,1980.0,1283,2,70.0,0.0,0,5,931,1962,1980,140000
1644,0.0,1285,418,3,1953.0,1644,2,80.0,238.0,0,6,1416,1953,1953,167000
1383,0.0,565,292,1,1960.0,1383,2,80.0,175.0,45,6,1383,1960,1960,145250
2073,0.0,790,500,1,1978.0,2073,2,85.0,119.0,0,6,1542,1978,1988,210000
958,581.0,0,686,1,1983.0,1539,3,60.0,0.0,78,5,650,1904,2002,157500
1552,0.0,24,782,1,2005.0,1552,3,84.0,196.0,20,7,1552,2005,2006,212900
925,0.0,338,429,1,1965.0,925,2,70.0,0.0,0,5,925,1965,1965,117500
1414,0.0,24,494,2,2004.0,1414,3,65.0,98.0,105,7,1414,2004,2004,185500
1013,0.0,0,0,1,,1526,1,105.0,0.0,0,3,1013,1915,1982,85000
1712,0.0,528,588,3,2005.0,1712,2,70.0,122.0,54,5,1626,1959,2005,145000
1717,0.0,0,908,2,2006.0,1717,3,87.0,250.0,39,8,1709,2006,2006,255500
1089,661.0,0,240,1,1937.0,1750,4,50.0,0.0,0,5,636,1880,1991,124000
786,390.0,0,624,1,1999.0,1176,2,50.0,0.0,0,6,698,1937,2000,134900
1454,482.0,0,504,2,2000.0,1936,3,106.0,40.0,124,8,1406,2000,2000,230500
858,0.0,322,684,1,1979.0,858,2,,0.0,0,4,858,1971,1971,110000
1079,840.0,0,685,2,2006.0,1919,3,120.0,0.0,51,8,1079,2006,2006,233230
998,764.0,0,576,1,1989.0,1762,3,60.0,0.0,0,7,596,1920,1950,157000
1728,0.0,231,576,1,1987.0,1728,2,74.0,108.0,0,5,1728,1965,1965,142600
764,862.0,573,474,2,2003.0,1626,3,36.0,106.0,27,7,764,2003,2004,154000
664,0.0,554,426,2,2006.0,1496,3,58.0,0.0,24,7,654,2006,2006,179665
790,0.0,384,160,1,1925.0,790,2,52.0,0.0,141,6,768,1930,1950,91000
1142,793.0,0,550,2,1976.0,1935,2,,233.0,113,7,793,1976,1976,197900
1098,866.0,403,483,2,1976.0,1964,2,80.0,660.0,69,7,803,1976,1976,205000
833,833.0,0,228,1,1925.0,1666,3,,0.0,63,8,588,1925,1996,161000
985,0.0,595,328,1,1977.0,985,2,65.0,220.0,0,5,985,1977,1977,149900
1358,0.0,720,484,2,2004.0,1358,3,59.0,146.0,30,7,1358,2004,2004,207000
848,0.0,662,420,1,2004.0,848,3,,169.0,0,6,848,2004,2004,143000
1120,850.0,0,753,3,2006.0,1970,4,86.0,788.0,74,8,1085,2006,2006,281000
2046,0.0,0,834,3,2008.0,2046,3,80.0,464.0,82,8,2046,2008,2008,372500
992,873.0,735,839,1,2000.0,1865,3,,0.0,184,7,992,2000,2000,235000
1445,689.0,0,441,1,1930.0,2134,3,,0.0,60,6,844,1916,1994,214500
1372,1274.0,987,656,2,1993.0,2646,3,90.0,256.0,60,7,1347,1993,1993,260000
1236,0.0,600,923,1,1957.0,1236,2,90.0,0.0,158,6,912,1957,1996,149700
902,0.0,301,484,1,1983.0,902,2,,0.0,0,5,864,1983,1983,131000
912,0.0,737,352,1,1962.0,912,2,,0.0,0,5,912,1962,1962,144000
1656,0.0,639,528,3,1960.0,1656,2,141.0,112.0,62,6,1080,1960,1960,215000
1382,0.0,672,884,1,1991.0,1382,2,120.0,399.0,0,6,1362,1962,1962,176000
2020,0.0,0,630,1,1977.0,2020,2,60.0,320.0,0,5,0,1977,1977,144000
1052,0.0,504,440,1,1971.0,1052,2,80.0,80.0,0,6,1010,1971,1971,155000
1328,1203.0,56,752,2,1995.0,2531,3,65.0,513.0,98,8,1318,1995,1995,290000
1004,848.0,668,660,3,1999.0,1852,3,73.0,320.0,106,8,1004,1999,2000,230000
1660,0.0,1220,500,2,2006.0,1660,3,85.0,420.0,50,8,1660,2006,2006,290000
1709,0.0,1238,506,3,1999.0,1709,3,50.0,60.0,65,9,1698,1999,2000,328900
912,0.0,832,288,1,1962.0,912,3,65.0,0.0,0,6,912,1961,1996,142000
928,836.0,821,470,2,1997.0,1764,3,65.0,0.0,99,6,928,1997,1997,231500
735,660.0,593,497,1,1972.0,1395,2,,0.0,116,6,723,1972,1972,162000
1040,0.0,824,308,3,1963.0,1040,2,75.0,0.0,0,5,1040,1963,1963,133000
2392,0.0,56,968,3,2003.0,2392,4,103.0,922.0,105,10,2392,2003,2003,386250
1103,0.0,397,440,1,1976.0,1103,3,50.0,0.0,120,6,1103,1925,1980,110500
1050,1028.0,789,836,3,2008.0,2078,4,85.0,100.0,102,8,1034,2007,2008,339750
803,0.0,116,360,1,1941.0,803,2,50.0,0.0,0,5,720,1941,1950,87000
1152,0.0,0,300,1,1950.0,1152,3,80.0,0.0,36,6,1092,1950,2004,158500
1173,0.0,885,528,2,1974.0,1173,3,85.0,81.0,120,7,1053,1974,1974,170000
372,720.0,0,0,1,,1092,1,70.0,0.0,0,4,0,1930,1950,55000
892,892.0,0,180,1,1914.0,1784,2,96.0,0.0,40,5,747,1914,1950,138887
1222,698.0,0,487,2,1968.0,1920,3,102.0,143.0,98,7,570,1968,1992,170000
1670,0.0,0,690,2,2006.0,1670,3,50.0,27.0,60,7,1670,2006,2006,240000
520,623.0,0,480,2,2005.0,1223,3,24.0,0.0,166,7,600,2005,2005,147400
1801,0.0,1247,484,3,1959.0,1801,2,100.0,0.0,54,7,1501,1959,1997,289000
1656,0.0,0,506,1,1973.0,1656,2,87.0,564.0,211,5,1656,1973,1973,135000
961,0.0,216,642,1,1998.0,1717,3,60.0,0.0,35,7,756,1915,1970,140000
1422,1177.0,0,779,3,1999.0,2599,3,108.0,165.0,30,9,1393,1999,1999,333168
888,0.0,386,312,1,1942.0,1644,3,79.0,224.0,0,5,728,1942,1995,146500
1136,1332.0,970,872,1,2004.0,2468,3,99.0,388.0,154,8,1136,2004,2004,354000
796,566.0,732,480,1,1993.0,1362,2,85.0,0.0,30,5,796,1993,1995,143000
1484,0.0,428,472,2,2006.0,1484,4,64.0,32.0,33,8,1476,2006,2006,265900
1200,0.0,661,884,1,1977.0,1200,3,71.0,166.0,64,5,864,1965,1998,146000
1350,0.0,0,478,2,1974.0,1350,2,78.0,174.0,0,6,1064,1974,1974,165000
1152,0.0,0,0,1,,1152,1,65.0,0.0,0,4,0,1955,1955,82000
1680,0.0,144,583,3,1998.0,1680,3,78.0,0.0,73,7,1650,1998,1999,213250
889,551.0,0,352,1,1940.0,1440,2,63.0,0.0,0,5,540,1900,1950,79000
1214,0.0,695,318,2,1967.0,1214,2,,196.0,111,5,1214,1967,1967,143000
725,754.0,533,475,2,1976.0,1479,3,,289.0,44,6,725,1976,2005,130500
901,900.0,0,800,1,2005.0,1801,3,72.0,0.0,116,8,893,2005,2005,239900
753,741.0,547,213,1,1942.0,1494,3,,0.0,0,6,771,1942,1950,177500
1532,797.0,1085,514,1,1990.0,2329,3,86.0,99.0,121,7,1475,1990,1990,262280
1588,0.0,0,825,1,2006.0,1588,3,85.0,410.0,45,8,1588,2006,2006,227000
1194,0.0,655,539,3,1954.0,1194,2,79.0,0.0,0,6,655,1959,1959,159500
1494,0.0,1200,576,2,1997.0,1494,3,79.0,0.0,27,6,1479,1997,1997,217000
2053,1185.0,816,666,3,1996.0,3238,3,56.0,579.0,86,8,2033,1995,1996,410000
914,0.0,298,576,1,1998.0,914,2,57.0,0.0,0,5,870,1996,1996,148000
832,809.0,16,546,1,1925.0,1641,4,60.0,0.0,0,7,728,1925,1990,178000
1128,445.0,0,360,1,1930.0,1573,2,52.0,0.0,0,5,1078,1930,1992,162900
1472,0.0,1036,588,1,1980.0,1472,2,,225.0,48,7,1372,1980,1980,187500
983,767.0,660,423,1,1989.0,1750,2,75.0,0.0,0,6,983,1940,1985,160000
866,902.0,20,578,2,2007.0,1768,3,68.0,0.0,105,8,866,2007,2007,212000
1196,0.0,616,297,2,1956.0,1196,2,72.0,74.0,44,6,1196,1956,1956,139000
1126,0.0,0,520,3,2002.0,1126,3,67.0,0.0,96,4,0,1949,2003,108000
845,0.0,0,290,1,1957.0,845,2,,0.0,0,4,0,1957,1957,84000
1168,800.0,562,530,2,1969.0,1968,2,,232.0,189,5,784,1969,1969,172000
949,272.0,392,392,1,1965.0,1221,2,60.0,0.0,0,5,784,1924,1950,104900
684,684.0,0,216,1,1930.0,1368,2,60.0,0.0,158,6,684,1910,1993,114504
483,504.0,321,280,1,1987.0,987,2,21.0,127.0,0,6,483,1970,1970,106000
1442,0.0,738,719,3,1990.0,1442,3,114.0,0.0,244,7,910,1990,1991,179900
1220,0.0,836,396,1,1951.0,1220,2,67.0,0.0,0,4,836,1951,1951,102000
1500,0.0,20,570,2,2004.0,1500,3,63.0,210.0,36,7,1500,2004,2004,190000
1310,1140.0,781,1069,3,1998.0,2450,3,,731.0,126,8,1284,1998,1998,340000
2207,0.0,912,576,2,1970.0,2207,2,,287.0,0,7,1947,1970,1989,180000
1208,0.0,686,632,2,2006.0,1208,3,64.0,24.0,61,7,1187,2006,2006,206000
1050,745.0,0,352,1,1954.0,1795,2,81.0,335.0,0,5,1050,1954,1954,131500
1440,0.0,1440,0,1,,1440,2,42.0,0.0,0,4,1440,1977,1977,150000
1212,0.0,36,460,2,2009.0,1212,3,83.0,0.0,22,6,1212,2009,2009,186000
572,539.0,0,288,1,1982.0,1111,2,,0.0,0,7,572,1926,1950,116900
1175,1540.0,575,831,3,1994.0,2715,3,,289.0,204,8,1142,1976,1996,299800
880,844.0,0,527,3,1998.0,1724,3,57.0,0.0,155,7,880,1998,1999,188000
1328,0.0,569,528,1,1963.0,1328,2,,451.0,26,6,1328,1963,1963,143000
1052,0.0,1016,288,2,1968.0,1052,2,70.0,168.0,0,5,1052,1968,1968,138500
1301,1116.0,0,462,1,1991.0,2417,3,121.0,284.0,82,8,1288,1991,1992,260000
948,0.0,732,280,1,1956.0,948,2,60.0,0.0,36,4,948,1954,1954,119000
1136,883.0,0,532,1,1997.0,2019,3,60.0,0.0,135,7,728,1910,1993,167500
869,0.0,0,0,1,,869,1,51.0,0.0,0,4,440,1923,1958,85500
1554,0.0,24,627,2,2006.0,1554,3,34.0,108.0,73,8,1554,2006,2006,209500
1092,1020.0,500,576,1,1969.0,2112,2,85.0,0.0,0,6,952,1969,1969,206900
1416,0.0,0,576,1,2007.0,1416,3,,0.0,0,5,816,1918,2007,112000
864,729.0,759,398,1,2004.0,1593,2,62.0,0.0,75,6,839,2004,2004,193000
1381,0.0,982,676,1,1972.0,1381,3,78.0,0.0,0,6,1161,1972,2006,197500
1632,0.0,620,338,2,1958.0,1632,2,80.0,183.0,0,6,1240,1958,1988,139000
954,0.0,0,240,1,1938.0,954,1,50.0,0.0,0,5,920,1938,1950,119750
495,1427.0,0,672,2,2003.0,1922,3,64.0,500.0,0,7,0,2003,2003,198500
980,0.0,560,484,1,1986.0,980,2,71.0,153.0,0,5,980,1977,1977,135000
920,866.0,486,608,2,2001.0,1786,3,68.0,162.0,42,7,920,2001,2002,223500
1694,0.0,1369,636,2,2004.0,1694,3,75.0,186.0,57,8,1686,2004,2005,307000
972,0.0,680,240,1,1948.0,972,2,50.0,0.0,0,6,972,1948,2002,132000
1437,0.0,988,576,1,1999.0,1437,2,,0.0,0,5,1188,1956,1987,168000
1055,1208.0,0,905,3,2001.0,2263,3,,396.0,45,8,1055,2001,2002,287000
1040,685.0,315,550,2,1979.0,1725,2,80.0,96.0,88,7,539,1979,1979,197000
1236,0.0,360,447,1,1957.0,1236,3,72.0,64.0,0,5,1070,1957,1996,134450
1040,0.0,369,286,2,1959.0,1040,2,70.0,0.0,0,5,1040,1959,1959,133700
1704,0.0,1218,772,1,2008.0,1704,3,98.0,200.0,50,8,1704,2007,2008,306000
1523,0.0,644,478,3,1976.0,1523,2,104.0,160.0,0,6,1193,1976,1976,180000
1489,0.0,0,776,2,2006.0,1489,3,81.0,0.0,140,8,1489,2006,2006,232600
1569,0.0,988,660,1,2007.0,1569,3,51.0,130.0,20,7,1386,2007,2007,175900
1212,0.0,0,573,2,2001.0,1212,3,70.0,0.0,0,7,1212,2001,2001,178000
1573,0.0,788,544,2,2002.0,1573,3,67.0,110.0,72,7,1573,2002,2002,227000
1012,778.0,247,484,2,1972.0,1790,2,80.0,288.0,0,6,732,1972,1972,165150
1072,504.0,1309,528,2,1923.0,1576,3,144.0,0.0,312,5,1324,1923,2004,223500
864,864.0,503,673,2,2003.0,1728,3,64.0,0.0,56,6,864,2003,2003,207500
1600,0.0,0,890,2,2007.0,1600,3,110.0,640.0,56,8,1566,2007,2007,256300
1922,0.0,1249,676,3,2005.0,1922,3,86.0,200.0,51,9,1922,2005,2006,377426
846,846.0,0,650,2,2009.0,1692,3,83.0,0.0,114,7,846,2009,2009,224500
1656,0.0,24,826,1,2006.0,1656,3,84.0,0.0,146,8,1656,2006,2006,249700
1047,0.0,0,273,1,1954.0,1047,2,60.0,0.0,0,4,641,1885,1995,100000
1848,880.0,1410,706,3,2006.0,2728,4,56.0,870.0,0,9,1848,2005,2006,437154
1425,0.0,490,576,2,1964.0,1425,2,100.0,272.0,0,6,1425,1964,1964,180500
952,0.0,0,192,1,1916.0,952,1,,0.0,98,6,952,1916,1950,121000
990,0.0,716,576,1,1996.0,990,2,43.0,0.0,0,5,990,1995,1995,156000
988,0.0,938,540,1,1969.0,988,2,,0.0,130,6,938,1969,1969,180000
1056,0.0,1056,384,1,1966.0,1056,2,,0.0,42,4,1056,1966,1966,107000
1746,0.0,1320,758,3,2006.0,1746,4,42.0,160.0,39,9,1746,2006,2007,377500
885,833.0,0,427,3,1998.0,1718,2,74.0,40.0,94,7,832,1998,1998,185000
1464,0.0,444,480,2,1997.0,1464,2,70.0,0.0,0,5,520,1963,1999,175000
831,829.0,0,493,2,2002.0,1660,3,68.0,95.0,68,7,831,2002,2002,195000
1752,0.0,456,576,2,2005.0,1752,4,61.0,412.0,82,9,1752,2005,2005,319900
1361,1259.0,498,600,2,1977.0,2620,2,,1.0,24,5,1361,1977,1977,190000
3138,1538.0,2260,884,3,2007.0,4676,4,130.0,762.0,406,10,3138,2007,2008,184750
784,0.0,784,0,1,,784,3,50.0,0.0,0,5,784,1924,1950,109500
1120,0.0,932,544,2,1961.0,1120,1,85.0,0.0,0,4,1040,1961,1961,129000
1382,0.0,547,459,1,1974.0,1382,2,75.0,51.0,82,4,1051,1963,1979,148000
672,714.0,438,440,3,1978.0,1386,2,,328.0,0,6,672,1978,1978,158900
334,0.0,0,0,1,,334,1,50.0,0.0,0,1,0,1946,1950,39300
600,600.0,0,480,2,2004.0,1200,3,30.0,0.0,172,7,600,2004,2005,151000
1414,0.0,0,398,3,2004.0,1414,3,,18.0,20,7,1375,2004,2004,178740
1584,0.0,0,792,1,1967.0,1584,2,65.0,0.0,152,5,1584,1967,1967,124000
792,725.0,0,400,1,1931.0,1517,3,,0.0,0,8,792,1929,1950,230000
1258,0.0,656,528,1,1971.0,1258,3,80.0,144.0,0,6,1258,1971,2004,145000
902,0.0,599,288,1,1967.0,902,2,,75.0,0,5,876,1967,1967,125500
1158,0.0,941,576,1,2006.0,1158,3,63.0,0.0,50,6,1158,2004,2004,158000
964,0.0,713,432,1,1921.0,964,2,80.0,0.0,0,5,876,1921,2006,163500
1465,915.0,187,596,1,1965.0,2380,2,,113.0,265,6,1021,1965,1979,129000
1232,0.0,724,632,1,2007.0,1232,3,64.0,82.0,0,7,1232,2007,2007,194500
864,0.0,390,352,1,1989.0,864,2,60.0,0.0,0,5,864,1972,1972,127000
1175,807.0,421,575,1,1989.0,1982,3,82.0,340.0,84,7,807,1989,1989,228500
1086,838.0,956,592,2,1998.0,1924,3,78.0,530.0,75,8,1086,1998,1998,280000
1276,804.0,0,282,1,1926.0,2080,3,53.0,0.0,0,7,1276,1926,2004,234000
953,694.0,0,460,2,1999.0,1647,2,62.0,0.0,40,6,953,1999,2000,175000
1617,0.0,165,533,1,1993.0,1617,3,50.0,0.0,69,6,1604,1993,1994,193000
1340,0.0,0,252,1,1957.0,1340,2,60.0,98.0,0,5,0,1957,2006,120000
1940,0.0,1646,606,3,2010.0,1940,4,83.0,450.0,95,9,1930,2009,2010,395192
1216,639.0,444,325,1,1954.0,1855,2,75.0,0.0,0,6,994,1954,1972,136900
884,0.0,747,504,2,1983.0,884,3,,0.0,0,5,840,1983,1983,144000
764,862.0,0,474,2,2003.0,1626,3,36.0,106.0,27,7,764,2003,2003,175500
720,564.0,312,240,1,1948.0,1284,2,50.0,0.0,35,5,720,1947,1950,110000
1149,1141.0,0,779,1,2002.0,2290,3,,0.0,0,8,1128,2002,2002,255900
816,0.0,104,516,1,1963.0,816,2,110.0,0.0,0,5,816,1963,1963,110000
1377,806.0,1002,786,1,1988.0,2183,3,,178.0,0,7,1204,1988,1988,229000
1188,561.0,1088,456,1,1963.0,1869,2,98.0,0.0,0,5,1088,1890,1996,124900
918,728.0,364,240,1,1941.0,1646,2,53.0,0.0,0,7,918,1941,1950,164000
1844,0.0,976,620,3,2005.0,1844,3,88.0,366.0,44,8,1844,2005,2006,257000
1571,0.0,0,722,3,2007.0,1571,3,89.0,80.0,36,8,1571,2007,2007,239000
1362,720.0,0,484,1,2003.0,2082,3,63.0,0.0,238,7,1362,2003,2003,200000
1959,0.0,0,766,1,1989.0,1959,2,82.0,70.0,0,7,1907,1988,1989,171000
1234,1140.0,0,656,3,2003.0,2374,4,93.0,340.0,100,8,1181,2003,2004,285000
1182,960.0,448,509,3,1968.0,2142,3,100.0,576.0,72,6,896,1968,1968,193500
520,600.0,0,480,2,2005.0,1200,3,30.0,0.0,166,7,600,2005,2005,144152
1053,0.0,0,648,2,2003.0,1992,3,75.0,768.0,45,8,1053,2003,2004,250000
997,1288.0,0,648,3,2000.0,2285,3,,72.0,56,8,969,2000,2000,248000
1824,0.0,1219,739,1,1971.0,1824,3,,351.0,48,7,1643,1971,2002,302000
1850,0.0,1261,772,3,2004.0,1850,3,98.0,378.0,112,9,1833,2004,2005,326000
808,547.0,351,0,1,,1355,2,62.0,0.0,0,5,644,1940,1999,127500
840,828.0,0,500,2,2003.0,1668,3,72.0,101.0,68,7,840,2003,2003,180000
1035,371.0,0,0,1,,1406,1,,0.0,144,6,319,1920,1950,89500
1888,0.0,247,578,3,1966.0,1888,3,137.0,0.0,0,6,1517,1966,2002,190000
1228,0.0,767,472,3,1988.0,1228,3,40.0,0.0,120,8,1228,1988,1989,189000
943,0.0,828,472,3,1998.0,1638,2,59.0,0.0,38,6,943,1998,1998,192000
960,0.0,520,432,3,1965.0,960,2,73.0,48.0,0,4,960,1965,1965,94750
1698,0.0,1234,768,1,2007.0,1698,4,86.0,340.0,64,9,1698,2007,2008,320000
1063,0.0,354,280,2,1954.0,1063,2,80.0,110.0,0,5,1056,1954,1954,128000
1236,0.0,465,288,1,1961.0,1236,2,65.0,0.0,0,5,912,1961,1994,135000
1535,0.0,0,410,1,1979.0,1535,2,64.0,0.0,0,5,0,1979,1979,118964
630,0.0,495,0,1,,630,2,21.0,0.0,0,4,630,1972,1972,81000
546,0.0,273,286,2,1970.0,1092,2,21.0,0.0,0,4,546,1970,1970,88000
1652,0.0,1572,840,3,2006.0,1652,4,108.0,300.0,102,9,1652,2006,2007,325000
1144,0.0,572,456,1,1961.0,1144,2,75.0,136.0,0,5,1144,1961,1961,139950
1795,0.0,0,895,2,2007.0,1795,3,75.0,428.0,49,8,1795,2006,2007,147000
1541,0.0,0,843,2,2001.0,1541,3,118.0,150.0,81,7,1541,2001,2002,205000
1507,0.0,666,404,1,1960.0,1507,2,70.0,0.0,0,5,1075,1960,1960,127000
764,677.0,0,492,1,1999.0,1441,3,24.0,456.0,0,8,776,1999,2000,174000
1479,0.0,0,577,2,1999.0,1479,3,93.0,125.0,25,7,1468,1999,2000,191000
483,0.0,358,264,1,1971.0,987,2,21.0,604.0,0,6,483,1971,1971,89500
672,0.0,344,234,1,1941.0,672,2,50.0,0.0,113,4,672,1941,1950,113000
1052,720.0,378,240,1,1939.0,2192,3,60.0,0.0,24,5,720,1939,1997,179500
2000,0.0,1464,888,1,2004.0,2000,3,80.0,246.0,0,8,2000,2004,2005,305900
1125,0.0,0,430,1,2007.0,1125,2,74.0,0.0,64,5,1125,2006,2007,155000
1124,0.0,0,0,1,,1124,2,77.0,0.0,36,5,0,1954,1954,93000
1839,0.0,1186,416,3,1957.0,1839,3,110.0,106.0,87,6,1477,1957,2004,257500
1444,700.0,697,389,3,1958.0,2144,3,,472.0,98,6,1444,1958,2006,277000
1306,954.0,1201,533,1,1996.0,2260,3,80.0,0.0,44,7,1306,1996,1997,328000
1127,850.0,442,540,2,1964.0,1977,2,100.0,272.0,52,6,816,1964,1978,165000
845,0.0,565,360,1,1987.0,845,2,69.0,0.0,0,4,845,1982,2006,129500
905,881.0,648,684,2,1997.0,1786,3,69.0,0.0,162,6,824,1997,1997,204750
1423,748.0,0,672,3,1993.0,2555,2,79.0,0.0,0,6,588,1922,1994,191000
1700,0.0,1018,447,2,1959.0,1700,3,70.0,0.0,38,5,1398,1959,1959,165500
959,712.0,786,472,3,2000.0,1671,2,58.0,0.0,38,6,959,2000,2000,173000
780,596.0,0,198,1,1937.0,1376,2,50.0,0.0,0,6,780,1937,1950,119500
1689,0.0,0,480,1,1956.0,1689,2,73.0,0.0,0,6,1436,1956,1956,127500
1576,978.0,0,704,1,1996.0,2554,2,60.0,0.0,48,7,718,1890,1998,159500
876,540.0,0,720,1,1949.0,1416,2,100.0,0.0,0,5,876,1915,1950,153900
816,0.0,708,308,1,1957.0,816,2,73.0,0.0,0,5,816,1957,1957,129900
1370,0.0,0,479,2,1976.0,1370,2,80.0,189.0,0,7,1090,1976,1976,152000
1442,0.0,0,615,2,1970.0,1442,2,,571.0,0,6,1442,1970,1970,185000
1072,213.0,336,240,1,1948.0,1285,2,50.0,0.0,0,5,672,1948,2001,127000
804,670.0,0,400,3,1995.0,1474,2,,22.0,72,7,384,1995,1996,168500
1127,886.0,862,455,1,1997.0,2013,2,92.0,0.0,130,7,1117,1996,1997,269790
1563,0.0,33,758,2,2007.0,1563,3,78.0,468.0,99,8,1563,2007,2007,245000
1663,0.0,1116,529,1,1954.0,1663,3,,0.0,137,4,1364,1954,1994,256000
720,472.0,0,0,1,,1192,2,60.0,0.0,0,4,720,1949,1950,135000
1095,679.0,0,779,1,1920.0,1774,2,60.0,0.0,0,4,1095,1900,1950,87000
1391,571.0,464,868,2,2006.0,1962,3,73.0,0.0,90,7,1391,2006,2006,239799
1302,0.0,0,436,3,2007.0,1302,3,73.0,0.0,22,7,1302,2007,2007,176485
734,0.0,0,440,1,1990.0,1118,2,40.0,0.0,0,6,648,1920,1950,116000
1766,0.0,1121,478,3,2009.0,1766,4,85.0,162.0,130,9,1766,2009,2009,370878
1253,0.0,0,402,3,1995.0,1253,2,63.0,38.0,21,7,1237,1995,1996,176000
1097,0.0,338,480,1,1986.0,1097,2,81.0,0.0,0,6,1040,1984,1985,152000
1078,0.0,734,500,3,1971.0,1078,2,,0.0,0,5,1078,1971,2008,149900
806,766.0,0,373,3,1995.0,1572,2,,0.0,40,6,806,1995,1996,168000
1332,192.0,1258,586,3,1979.0,1524,3,,0.0,0,7,1332,1979,1979,260000
1022,1038.0,772,390,2,1999.0,2060,3,,298.0,0,7,992,1999,1999,214000
1344,0.0,111,525,2,1958.0,1344,3,,541.0,118,6,819,1958,1958,137500
1226,592.0,224,240,1,1951.0,1818,2,,600.0,0,7,1040,1931,1950,169500
1029,0.0,903,261,1,1961.0,1029,2,61.0,192.0,0,4,1029,1961,1961,118500
1291,1230.0,837,576,1,1973.0,2521,2,42.0,0.0,20,6,942,1973,1973,151400
750,750.0,0,564,2,2005.0,1500,3,68.0,0.0,35,6,750,2005,2006,173900
2217,0.0,351,621,1,1970.0,2217,3,95.0,0.0,207,8,2217,1970,1970,268000
1370,0.0,24,484,2,2006.0,1370,3,44.0,178.0,49,8,1370,2006,2006,202500
1262,0.0,905,572,1,2006.0,1262,3,60.0,68.0,120,6,1262,2006,2006,185000
824,1070.0,624,510,1,2002.0,1894,3,80.0,44.0,40,7,817,2002,2003,214900
1694,0.0,0,818,3,2007.0,1694,3,93.0,254.0,228,8,1694,2007,2007,318000
864,0.0,524,576,1,1989.0,864,2,70.0,0.0,0,4,864,1971,1971,97000
970,739.0,0,380,1,2004.0,1709,3,24.0,50.0,40,6,970,2004,2006,130000
1281,457.0,0,368,1,1920.0,1738,2,,0.0,0,4,715,1920,2007,104900
1319,0.0,428,270,1,1953.0,1319,2,79.0,0.0,0,5,608,1953,1953,123000
1699,1523.0,1470,594,1,1990.0,3222,3,90.0,0.0,0,7,1673,1990,1990,320000
773,582.0,0,0,1,,1355,3,60.0,0.0,0,6,684,1914,2006,127000
1306,0.0,0,0,1,,1306,1,55.0,0.0,0,3,728,1940,1966,76500
768,0.0,656,396,1,1988.0,768,2,70.0,0.0,0,5,768,1972,2007,133000
1077,0.0,851,205,2,1939.0,1077,2,50.0,0.0,4,5,991,1939,1950,118000
679,504.0,331,308,1,1981.0,1183,2,50.0,0.0,176,3,649,1948,2002,120000
728,728.0,0,400,3,2007.0,1456,3,65.0,0.0,24,7,728,2007,2007,179540
1005,1286.0,0,429,3,1999.0,2291,3,66.0,302.0,0,7,975,1999,1999,230000
848,0.0,685,420,1,2003.0,848,3,,170.0,0,6,848,2003,2003,140000
1742,590.0,1280,846,3,2008.0,2332,4,96.0,272.0,134,10,1682,2007,2008,426000
884,464.0,0,216,1,1960.0,1348,2,50.0,0.0,0,5,884,1925,1997,117000
1236,872.0,626,540,1,1935.0,2108,3,120.0,0.0,0,6,1127,1935,1986,235000
897,439.0,637,570,1,1994.0,1336,2,60.0,0.0,47,4,637,1920,1950,108000
4692,950.0,5644,1418,3,2008.0,5642,4,313.0,796.0,292,10,6110,2008,2008,160000
1344,0.0,457,484,1,1970.0,1344,2,,0.0,28,5,1024,1958,1983,144000
832,1103.0,544,552,3,2009.0,1935,2,75.0,110.0,150,8,832,2009,2009,263435
997,0.0,0,548,1,1958.0,1470,2,60.0,0.0,0,4,941,1954,1972,135000
2156,0.0,297,508,2,1968.0,2156,2,,0.0,80,7,1568,1968,2003,262500
1728,0.0,1332,504,1,1963.0,1728,2,70.0,336.0,0,5,1728,1963,1963,125000
866,902.0,400,603,2,2005.0,1768,3,75.0,0.0,108,7,866,2005,2005,226700
1048,0.0,586,286,1,1956.0,1048,2,72.0,120.0,20,5,1048,1956,1956,135000
864,864.0,0,572,2,2004.0,1728,3,65.0,0.0,56,7,864,2004,2004,190000
938,1215.0,259,0,1,,2358,2,50.0,0.0,54,8,684,1872,1987,122000
1146,0.0,786,438,1,2003.0,1146,3,73.0,442.0,22,7,868,2003,2003,187500
1601,0.0,1358,670,2,2001.0,1601,3,,479.0,0,8,1581,2001,2002,272000
1252,668.0,57,451,1,1958.0,1920,3,,0.0,0,5,1052,1958,1958,172500
741,622.0,0,528,1,1966.0,1363,2,60.0,0.0,0,4,622,1910,1950,125500
1148,0.0,210,308,1,1952.0,1148,2,57.0,0.0,0,5,980,1952,1952,123500
1294,0.0,0,662,2,2006.0,1294,3,64.0,0.0,55,7,1286,2006,2006,193879
912,336.0,324,160,1,1957.0,1248,2,52.0,0.0,0,5,912,1930,1950,87000
779,640.0,353,527,3,2002.0,1419,3,,0.0,0,8,408,2002,2002,184100
1440,0.0,678,467,3,1981.0,1440,3,,310.0,0,6,1440,1981,1981,182900
1140,0.0,0,0,1,,1140,2,90.0,0.0,56,5,1140,2006,2006,84500
1107,983.0,859,484,1,1973.0,2090,2,,240.0,204,7,1107,1973,1973,200000
798,0.0,0,595,2,2003.0,1640,3,72.0,0.0,45,7,798,2003,2003,183000
1679,0.0,1138,575,2,1994.0,1679,3,65.0,258.0,42,6,1408,1994,1998,193500
869,349.0,375,440,1,2003.0,1218,2,60.0,0.0,0,6,735,1941,1950,131000
1142,0.0,874,528,3,1976.0,1142,2,44.0,0.0,90,5,1142,1976,1976,134000
1110,0.0,1097,602,3,1978.0,1110,3,,104.0,30,5,1097,1978,1978,165500
1164,0.0,1040,240,1,1950.0,1164,2,68.0,0.0,48,5,1164,1950,1950,125000
596,596.0,0,189,1,1920.0,1192,2,60.0,0.0,0,5,596,1920,1950,78000
1422,0.0,0,626,2,2004.0,1422,3,63.0,106.0,60,7,1422,2004,2004,179600
894,0.0,702,450,2,1967.0,894,3,57.0,0.0,0,5,894,1967,2003,130000
1082,871.0,0,1043,2,2005.0,1953,3,85.0,0.0,50,8,1082,2005,2006,252000
963,829.0,361,564,2,2001.0,1792,3,80.0,172.0,96,7,963,2001,2001,231500
672,252.0,348,280,1,1941.0,924,1,60.0,0.0,0,4,672,1941,1950,80000
752,0.0,623,264,1,1984.0,752,2,50.0,0.0,0,6,744,1984,1984,125000
960,780.0,410,240,1,1940.0,1740,2,75.0,0.0,0,7,800,1940,1984,219500
808,785.0,0,389,2,1993.0,1593,2,,0.0,40,6,808,1992,1993,178000
910,0.0,507,720,1,2000.0,1385,2,71.0,0.0,0,5,910,1952,1952,166000
1266,0.0,0,453,1,2005.0,1266,3,62.0,0.0,144,7,1257,2005,2005,176000
887,1134.0,0,422,2,2006.0,2021,3,168.0,0.0,100,7,868,2006,2006,274725
1334,0.0,686,630,2,1977.0,1334,2,80.0,360.0,16,6,1350,1977,1977,167900
624,628.0,510,462,1,1999.0,1252,3,24.0,212.0,48,7,600,1999,2000,160000
1664,862.0,168,216,1,1916.0,2526,3,60.0,0.0,15,6,714,1916,1950,136000
2402,0.0,1767,672,3,2008.0,2402,4,105.0,200.0,72,10,3094,2008,2008,555000
751,611.0,0,502,3,1920.0,1362,2,60.0,0.0,0,6,611,1920,1999,128000
1831,1796.0,1387,807,3,1995.0,3627,3,118.0,1378.0,76,10,1930,1995,1996,625000
1214,1306.0,565,721,1,1995.0,2520,3,82.0,290.0,114,7,1203,1995,1995,290000
944,0.0,0,528,1,1956.0,944,1,74.0,0.0,0,3,0,1952,1952,82000
912,0.0,842,336,1,1974.0,912,2,70.0,0.0,0,5,912,1967,1967,125000
756,797.0,0,615,2,2005.0,1553,3,65.0,0.0,45,7,756,2005,2006,186500
948,0.0,492,248,1,1954.0,948,2,75.0,132.0,0,4,864,1954,1954,111000
932,920.0,822,644,2,2009.0,1852,3,72.0,0.0,108,7,900,2009,2009,252678
682,548.0,0,440,1,1966.0,1230,2,60.0,0.0,0,5,440,1910,1981,110000
1080,0.0,680,0,1,,1080,3,63.0,120.0,0,7,1080,2004,2005,141000
686,564.0,0,280,1,1955.0,1250,1,45.0,0.0,0,5,686,1918,1950,116000
798,813.0,674,442,2,1964.0,1611,2,80.0,360.0,128,6,780,1964,1964,167900
1062,887.0,750,574,3,1993.0,1949,3,80.0,246.0,90,7,1050,1993,1994,236000
697,672.0,551,300,1,1930.0,1369,2,54.0,0.0,0,6,672,1925,1950,103600
812,670.0,0,392,3,1992.0,1482,3,,170.0,25,7,384,1992,1992,163900
1048,0.0,0,280,1,1922.0,1048,2,58.0,0.0,0,5,993,1922,1950,113000
1372,0.0,0,529,3,2008.0,1372,3,72.0,0.0,140,7,1372,2007,2008,250580
1296,0.0,1005,471,3,2001.0,1296,3,,136.0,25,8,1267,2001,2002,220000
990,0.0,495,299,1,1996.0,990,2,65.0,0.0,64,5,990,1994,1994,126000
944,545.0,0,240,1,1940.0,1489,2,60.0,0.0,0,6,778,1940,1950,139500
1071,1101.0,0,947,2,2006.0,2172,3,109.0,350.0,62,7,1063,2006,2006,280000
1266,0.0,0,388,3,2007.0,1266,3,43.0,16.0,16,7,1266,2007,2007,159895
1218,0.0,27,676,3,2009.0,1218,3,75.0,0.0,102,6,1218,2009,2009,208300
932,0.0,0,306,1,1950.0,932,3,57.0,0.0,0,6,932,1950,1950,124000
855,0.0,257,440,1,1974.0,1322,2,24.0,0.0,0,6,855,1974,1974,147000
1001,634.0,0,255,1,1950.0,1635,3,59.0,0.0,0,6,485,1910,2003,117000
1478,0.0,1270,498,1,1960.0,1478,2,,30.0,40,6,1478,1960,1960,157500
658,526.0,0,0,1,,1184,2,58.0,0.0,151,5,658,1910,1996,81000
856,854.0,706,548,2,2003.0,1710,3,65.0,196.0,61,7,856,2003,2003,208500
912,0.0,773,470,2,1978.0,912,2,,0.0,0,6,888,1978,1978,156000
1160,966.0,249,538,3,1967.0,2126,2,,0.0,0,5,1013,1967,1967,185000
754,640.0,0,400,3,2007.0,1394,3,73.0,0.0,0,5,384,2006,2007,167500
970,0.0,630,624,1,1996.0,970,2,80.0,0.0,24,5,970,1963,1963,132500
1034,0.0,539,888,1,1976.0,1034,2,,335.0,0,6,1012,1976,1976,169900
860,0.0,0,565,2,2004.0,1720,3,89.0,0.0,70,7,860,2004,2004,196500
811,576.0,0,256,1,1954.0,1387,3,50.0,0.0,0,5,811,1954,1954,93000
1357,0.0,719,312,2,1959.0,1357,4,124.0,84.0,0,6,1019,1959,2006,177000
1264,0.0,697,461,1,1960.0,1264,2,73.0,324.0,0,5,1268,1960,1960,167500
742,742.0,0,390,3,2005.0,1484,3,149.0,0.0,24,6,742,2005,2005,174000
1064,703.0,495,504,2,1987.0,1767,3,44.0,0.0,35,7,1064,1987,1987,239000
813,0.0,0,270,1,1932.0,813,3,70.0,0.0,113,6,813,1930,2005,110000
520,0.0,490,0,1,,754,2,60.0,0.0,0,6,520,1935,1982,84500
2069,0.0,425,505,2,1960.0,2069,3,313.0,0.0,0,7,585,1960,2007,242000
1509,0.0,783,600,2,1988.0,1509,3,85.0,219.0,0,6,1461,1988,1989,175000
702,779.0,0,343,3,1994.0,1481,2,65.0,0.0,36,6,702,1994,1995,174000
960,0.0,789,576,1,1970.0,960,2,60.0,160.0,288,4,960,1970,1970,129000
1040,0.0,0,420,1,1950.0,1040,2,60.0,0.0,29,4,0,1950,1950,109900
1040,0.0,0,420,1,1956.0,1040,2,60.0,0.0,0,4,0,1949,1950,90000
901,901.0,352,216,1,1920.0,1802,2,54.0,0.0,0,7,793,1920,1950,200100
1184,1426.0,64,550,3,2007.0,2610,4,75.0,0.0,364,8,1184,2007,2007,303477
1466,0.0,176,528,3,1959.0,1466,1,134.0,132.0,140,5,1466,1959,1959,149900
966,686.0,686,416,1,1961.0,1652,2,60.0,0.0,0,5,686,1915,1950,139000
1080,1017.0,50,678,1,1993.0,2097,3,59.0,0.0,187,7,1080,1993,1993,228000
1625,0.0,1573,538,1,2006.0,1625,3,44.0,481.0,0,8,1573,2006,2007,235000
1304,983.0,603,667,3,1953.0,2287,2,81.0,0.0,21,7,1304,1953,1953,225000
1734,1088.0,0,1020,2,2009.0,2822,4,107.0,424.0,170,9,1734,2008,2009,582933
1022,1032.0,695,390,2,2000.0,2054,3,,40.0,48,6,992,2000,2000,244000
1336,0.0,841,375,1,1953.0,1336,2,90.0,56.0,0,5,1165,1953,1953,157000
894,0.0,552,400,1,1999.0,894,2,68.0,0.0,0,4,894,1954,1954,110000
1719,0.0,1619,473,3,1993.0,1719,3,32.0,0.0,30,8,1719,1993,1993,324000
1223,904.0,1000,525,2,1994.0,2127,3,81.0,448.0,132,7,1223,1994,1994,271000
1251,0.0,553,461,1,1964.0,1251,2,80.0,425.0,116,6,1251,1964,1964,160000
912,0.0,111,297,3,1958.0,912,2,70.0,0.0,285,5,912,1958,1985,120000
600,0.0,0,0,1,,968,2,50.0,0.0,0,3,600,1910,1950,37900
941,888.0,483,613,2,2003.0,1829,3,44.0,223.0,39,7,941,2003,2003,237000
790,784.0,712,566,3,1976.0,1574,2,,120.0,111,6,796,1976,1976,190000
720,0.0,495,0,1,,720,2,60.0,0.0,523,4,720,1920,1950,34900
1980,0.0,1447,770,3,2004.0,1980,4,129.0,66.0,45,9,1980,2004,2005,315000
1621,0.0,213,440,1,1984.0,1621,3,91.0,0.0,45,7,1208,1984,1998,202500
1602,0.0,1246,529,3,1977.0,1602,3,,126.0,0,6,1602,1977,2000,215000
1149,467.0,370,216,1,1926.0,1616,3,40.0,0.0,0,6,1149,1926,2004,152000
1600,0.0,1277,319,2,1957.0,1600,2,47.0,0.0,258,5,1484,1957,1997,207500
1378,741.0,0,583,1,1972.0,2119,2,,333.0,104,6,689,1972,1972,158000
970,739.0,0,380,1,2004.0,1709,3,24.0,50.0,40,7,970,2004,2004,130000
2110,0.0,1065,522,3,1968.0,2110,4,93.0,0.0,0,7,2110,1968,1968,244000
774,0.0,544,0,1,,774,3,70.0,0.0,0,3,544,1931,2006,79000
796,0.0,0,0,1,,796,2,40.0,0.0,0,4,796,1922,1950,55000
1707,0.0,0,511,2,1981.0,1707,2,,653.0,64,8,1686,1981,1981,228000
1610,551.0,1288,789,3,2007.0,2161,4,86.0,300.0,120,8,1582,2007,2007,325624
909,807.0,0,512,2,1996.0,1716,3,70.0,0.0,120,7,880,1996,1996,191000
1362,0.0,288,504,1,1961.0,1362,2,80.0,491.0,20,6,1362,1961,1961,163000
882,914.0,706,546,2,1998.0,1796,2,,0.0,36,6,794,1998,1998,211000
1652,0.0,1480,482,1,2008.0,1652,3,64.0,186.0,53,8,1600,2008,2008,392500
832,650.0,624,324,1,1930.0,1482,2,50.0,0.0,0,7,650,1920,1988,143000
1015,0.0,489,450,1,1925.0,1015,2,51.0,0.0,0,5,768,1925,1950,88000
958,620.0,403,240,1,1941.0,1578,1,79.0,0.0,0,6,806,1941,1950,133000
1086,0.0,320,490,1,1989.0,1086,2,85.0,104.0,0,5,1086,1954,2003,144900
672,546.0,0,0,1,,1218,2,21.0,236.0,0,6,672,1971,1971,91500
860,0.0,672,528,1,1996.0,860,2,74.0,0.0,0,5,840,1982,1982,137000
792,348.0,0,0,1,,1140,2,55.0,0.0,160,4,576,1910,2004,96500
851,651.0,0,270,2,1931.0,1502,2,60.0,0.0,0,7,776,1931,2000,149000
1165,0.0,312,490,2,1966.0,1165,2,82.0,183.0,129,6,1127,1966,1966,174900
860,1100.0,625,440,3,2002.0,1960,3,,103.68526170798899,48,6,860,2002,2002,216500
1153,878.0,252,541,3,1998.0,2031,3,75.0,202.0,84,7,1153,1998,1999,222500
689,703.0,378,299,3,1977.0,1392,2,,153.0,36,6,689,1977,1977,161750
1541,0.0,1201,532,1,2005.0,1541,3,95.0,226.0,70,7,1541,2005,2005,220000
1327,0.0,405,624,1,1974.0,1327,3,75.0,0.0,0,5,1063,1959,2002,150750
757,567.0,672,240,1,1936.0,1324,2,50.0,0.0,0,4,672,1936,1950,128000
811,741.0,550,434,2,1975.0,1552,2,85.0,0.0,208,6,713,1975,1975,179900
1453,1357.0,482,750,2,1990.0,2810,3,,336.0,0,8,1453,1990,1990,302000
1518,1518.0,0,840,1,1993.0,3608,4,90.0,0.0,260,10,1107,1892,1993,475000
1328,0.0,967,308,1,1959.0,1328,2,115.0,0.0,104,5,1350,1959,1959,170000
1238,1281.0,965,628,2,1989.0,2519,3,42.0,293.0,27,7,1210,1989,1990,335000
997,0.0,0,0,1,,1517,1,85.0,0.0,0,5,793,1919,2005,115000
1057,0.0,731,246,1,1953.0,1057,3,68.0,0.0,52,5,1057,1953,2007,109000
1496,636.0,1441,612,3,1983.0,2132,3,79.0,0.0,40,8,1496,1983,2009,316600
1629,0.0,1300,808,3,2002.0,1629,3,85.0,236.0,252,8,1616,2002,2003,270000
1188,0.0,1000,531,2,1959.0,1188,2,,180.0,0,5,1188,1959,1959,142000
1464,0.0,929,754,1,2007.0,1464,3,49.0,84.0,160,8,1485,2007,2007,282922
1216,0.0,897,402,1,1998.0,1216,2,32.0,116.0,125,6,1216,1998,1998,164000
1634,0.0,0,866,1,2006.0,1634,3,98.0,248.0,44,8,1626,2006,2006,250000
672,252.0,0,576,1,2003.0,924,2,60.0,0.0,0,5,672,1949,2006,122900
1060,0.0,188,270,1,1968.0,1060,3,,0.0,90,5,1060,1968,2001,154000
804,744.0,556,440,1,1976.0,1548,3,24.0,0.0,0,6,804,1976,1976,155000
438,0.0,290,246,1,1930.0,438,1,60.0,0.0,0,2,290,1920,1950,60000
747,0.0,0,220,1,1945.0,747,2,47.0,0.0,0,4,747,1945,1950,80000
892,0.0,432,288,2,1967.0,892,2,65.0,60.0,0,5,892,1967,1967,100000
1190,0.0,803,540,1,1962.0,1190,2,70.0,120.0,18,5,1106,1962,1962,132500
1394,0.0,609,514,2,1963.0,1394,2,,247.0,76,6,1394,1963,1963,159000
960,1000.0,0,400,1,1952.0,1960,2,60.0,360.0,0,5,960,1952,1952,124500
848,0.0,659,420,3,2003.0,848,3,36.0,170.0,0,6,848,2003,2003,131500
1339,0.0,1053,484,3,1990.0,1339,2,50.0,54.0,58,7,1309,1990,1990,180000
784,0.0,0,360,1,1950.0,784,2,60.0,0.0,0,6,784,1928,1950,76000
948,0.0,0,300,1,1968.0,948,2,,0.0,0,5,948,1968,1968,108000
1178,0.0,1084,439,1,1973.0,1178,3,80.0,0.0,0,5,1176,1973,2000,157000
1005,978.0,694,490,3,1999.0,1983,3,,344.0,0,7,978,1999,1999,225000
1728,0.0,1606,560,1,1976.0,1728,2,63.0,0.0,0,5,1728,1976,1976,188000
764,0.0,0,504,1,1965.0,764,2,30.0,0.0,0,5,680,1925,2004,73000
526,462.0,462,297,1,1973.0,988,2,21.0,0.0,101,4,462,1973,1973,91000
612,612.0,294,528,2,2009.0,1224,3,30.0,76.0,234,6,612,2009,2009,173733
483,504.0,0,288,1,1972.0,987,2,21.0,297.0,0,6,483,1972,1972,94500
933,975.0,642,493,1,1994.0,1908,3,70.0,0.0,133,7,915,1994,1995,210000
1144,0.0,739,596,1,1956.0,1144,2,68.0,0.0,0,5,1144,1956,1956,129000
1032,0.0,605,564,1,1978.0,1032,2,,233.0,0,6,1032,1978,1978,148000
1164,896.0,831,521,1,1988.0,2060,2,97.0,268.0,228,6,1151,1988,1989,211000
1114,0.0,646,576,1,2004.0,1114,3,66.0,0.0,102,5,1114,2004,2004,159000
1724,0.0,528,480,2,1967.0,1724,2,,359.0,0,6,1680,1967,1976,197900
672,546.0,317,264,1,1972.0,1218,2,21.0,281.0,28,6,672,1972,1972,118000
841,0.0,0,294,1,1950.0,841,2,60.0,0.0,0,4,721,1950,1950,82000
1088,0.0,0,461,2,1987.0,1088,3,,0.0,74,8,1074,1986,1986,170000
864,0.0,646,336,1,1978.0,864,2,,90.0,0,5,864,1978,2005,136500
1826,0.0,1422,758,1,2005.0,1826,3,69.0,238.0,75,8,1814,2005,2006,319000
581,530.0,0,288,1,1935.0,1111,1,60.0,0.0,0,5,530,1920,1996,101000
912,0.0,595,576,1,1992.0,912,3,72.0,300.0,240,5,912,1965,2008,147000
1164,1106.0,524,671,3,1999.0,2270,3,92.0,348.0,57,8,1152,1999,2007,290000
923,0.0,658,264,1,1984.0,923,2,37.0,0.0,0,5,876,1984,1985,119500
910,0.0,0,414,1,1953.0,910,3,74.0,0.0,0,5,105,1953,1996,116000
1040,0.0,0,400,1,1987.0,1040,2,60.0,0.0,0,3,0,1950,1950,92900
840,534.0,315,338,3,1967.0,1374,2,90.0,0.0,0,4,840,1920,1950,105000
2121,0.0,0,732,3,2007.0,2121,4,107.0,315.0,98,9,2121,2006,2007,415298
847,1112.0,0,434,3,2004.0,1959,3,59.0,0.0,48,7,847,2004,2005,215000
1067,472.0,0,576,1,1995.0,1539,2,51.0,0.0,0,5,927,1936,1950,141500
1268,0.0,540,244,3,1954.0,1268,2,78.0,200.0,98,5,1268,1954,1954,132000
960,0.0,250,308,1,1997.0,960,1,50.0,0.0,0,4,960,1920,1950,108500
1097,0.0,0,672,1,1995.0,1097,2,112.0,0.0,64,5,1097,1994,1995,145000
880,888.0,390,320,1,1914.0,1768,2,60.0,0.0,341,7,880,1914,1970,163000
1112,0.0,120,271,1,1950.0,1668,2,80.0,0.0,0,6,856,1950,2005,140000
1392,0.0,0,576,2,1968.0,1392,2,120.0,216.0,0,6,1392,1968,1968,110000
825,587.0,0,280,1,1939.0,1412,2,50.0,0.0,0,6,780,1939,1950,132500
1630,0.0,0,860,2,2008.0,1630,4,61.0,270.0,42,8,1622,2008,2008,295493
1241,0.0,1106,569,1,2007.0,1241,3,35.0,103.68526170798899,116,7,1241,2006,2007,199900
768,0.0,619,624,1,1987.0,768,2,54.0,0.0,0,5,768,1970,1970,129500
1640,0.0,728,924,1,1993.0,1640,3,,72.0,0,6,1296,1954,2006,224000
1419,0.0,945,567,2,2007.0,1419,3,60.0,0.0,0,8,1419,2007,2007,392000
1200,0.0,1200,0,1,,1200,2,60.0,0.0,0,5,1200,1987,1988,179000
725,754.0,626,484,3,1972.0,1479,3,,138.0,32,7,725,1972,2004,184000
1414,0.0,528,601,1,1990.0,1414,2,87.0,0.0,51,6,1184,1958,2002,176500
624,720.0,0,513,1,1916.0,1344,2,34.0,0.0,0,5,624,1916,1950,98000
1547,720.0,0,672,1,1979.0,2320,2,,0.0,144,5,0,1948,1950,169000
788,0.0,266,0,1,,788,2,,0.0,0,4,788,1941,1950,100000
855,586.0,311,440,1,1978.0,1441,2,24.0,0.0,0,6,855,1978,1978,148500
864,0.0,612,300,1,2008.0,864,2,70.0,0.0,0,6,864,1959,1959,127500
864,0.0,616,528,1,1974.0,864,2,60.0,0.0,0,4,864,1971,1971,120500
1776,0.0,0,888,1,1968.0,1776,2,85.0,95.0,25,5,1584,1958,1958,110000
1056,0.0,775,304,1,1968.0,1056,2,65.0,0.0,85,5,1056,1968,1968,142000
904,0.0,350,0,1,,904,1,,0.0,0,1,683,1922,1950,61000
1478,0.0,578,484,3,2009.0,1478,3,,432.0,144,7,1470,2009,2009,222000
840,765.0,0,379,1,1915.0,1605,2,60.0,0.0,0,3,840,1915,1950,107400
882,908.0,633,588,2,1999.0,1790,3,68.0,158.0,88,7,873,1999,1999,193000
1088,780.0,381,484,1,1976.0,1868,3,,44.0,96,5,780,1976,1976,197500
672,546.0,356,264,1,1973.0,1218,2,21.0,285.0,28,6,672,1973,1973,113000
2084,0.0,1636,1220,3,2007.0,2084,4,114.0,816.0,45,10,2078,2007,2008,385000
855,0.0,566,440,1,1976.0,1456,2,24.0,0.0,0,6,855,1976,1976,148500
1256,0.0,830,276,3,1965.0,1256,2,75.0,0.0,68,5,1256,1965,1965,147500
807,702.0,457,393,3,2002.0,1509,3,,0.0,75,6,783,2002,2003,183200
1436,884.0,774,180,1,1945.0,2320,3,61.0,0.0,0,6,1028,1945,2002,259500
1370,1254.0,1128,864,1,1918.0,2624,2,86.0,0.0,0,6,1370,1918,1950,239000
780,595.0,0,544,1,1979.0,1375,3,50.0,0.0,162,6,780,1937,1950,141000
1095,0.0,513,264,1,1958.0,1095,2,75.0,105.0,0,6,588,1958,1958,140000
1272,928.0,1084,0,1,,2200,2,67.0,0.0,70,5,1272,1900,2003,145900
1494,0.0,922,530,2,2002.0,1494,3,88.0,99.0,36,7,1494,2002,2002,221000
796,550.0,0,384,1,1950.0,1346,2,70.0,0.0,24,4,560,1910,2000,112000
990,0.0,588,0,1,,990,2,60.0,0.0,0,4,990,1994,1995,123600
1307,1051.0,0,360,1,1908.0,2358,2,75.0,0.0,40,6,907,1908,1997,240000
833,0.0,415,326,1,1955.0,833,3,90.0,0.0,0,5,833,1954,2000,117000
1133,1349.0,0,642,3,2005.0,2482,3,88.0,245.0,39,8,1094,2005,2006,281213
1038,1060.0,0,878,2,2005.0,2098,4,80.0,178.0,52,8,1030,2005,2005,275500
899,0.0,450,288,3,1967.0,899,3,65.0,89.0,0,5,864,1967,2004,130000
1182,1142.0,998,736,3,2005.0,2324,4,85.0,286.0,21,9,1175,2005,2006,345000
894,0.0,777,600,2,1985.0,894,2,60.0,0.0,0,5,894,1972,1972,123000
1575,0.0,430,529,2,1992.0,1575,3,50.0,0.0,0,6,1575,1992,1992,179200
848,0.0,697,420,2,2004.0,848,3,,147.0,0,6,848,2004,2004,141000
815,875.0,0,225,1,1916.0,1690,2,65.0,0.0,0,7,815,1916,1950,144000
925,550.0,548,336,2,1977.0,1475,2,41.0,0.0,26,5,757,1977,1977,127000
1362,0.0,20,460,1,2005.0,1362,3,61.0,256.0,28,6,1362,2005,2006,194700
1456,0.0,0,400,3,2003.0,1456,3,,40.0,20,8,1273,2003,2003,215000
1392,1070.0,57,576,2,2006.0,2462,3,134.0,456.0,132,7,1392,2005,2006,320000
983,813.0,400,483,2,1963.0,1796,2,71.0,415.0,50,6,780,1963,1963,140000
842,630.0,0,250,1,1925.0,1472,3,60.0,0.0,0,5,702,1925,1994,125000
1604,0.0,1334,660,2,2006.0,1604,3,68.0,180.0,110,7,1604,2006,2006,220000
1619,167.0,1249,529,3,1965.0,1786,2,,0.0,0,5,1499,1965,1965,228950
1661,0.0,831,377,2,1955.0,1661,3,80.0,0.0,28,6,992,1955,1996,165500
630,0.0,509,286,1,1970.0,630,2,21.0,0.0,0,4,630,1970,1970,80000
2020,0.0,1436,900,3,2009.0,2020,4,94.0,305.0,54,10,2006,2009,2009,402861
810,855.0,643,528,3,2001.0,1665,3,70.0,0.0,45,8,810,2001,2001,227000
1836,0.0,24,484,3,2004.0,1836,3,70.0,0.0,33,7,1860,2004,2005,216837
1378,994.0,0,432,2,1985.0,2372,2,60.0,0.0,287,5,994,1892,1965,107500
1301,0.0,405,440,1,1965.0,1301,1,60.0,0.0,0,5,1145,1924,1950,100000
1240,0.0,0,826,2,2006.0,1240,3,74.0,0.0,93,7,1240,2006,2006,194000
1244,0.0,777,336,1,1957.0,1244,2,90.0,0.0,40,6,1244,1957,1957,150000
1795,0.0,0,534,2,2002.0,1795,3,75.0,281.0,159,8,1777,2002,2002,230000
1167,0.0,560,400,2,1992.0,1167,3,,106.0,26,6,1158,1992,1992,173000
1578,0.0,0,840,1,2008.0,1578,4,78.0,194.0,36,8,1573,2008,2009,287090
993,915.0,0,431,3,2002.0,1908,3,85.0,0.0,0,8,967,2002,2002,202900
1088,110.0,0,0,1,,1198,2,60.0,0.0,98,6,901,1920,1998,79900
1976,0.0,1350,908,2,2006.0,1976,3,110.0,304.0,63,8,1976,2006,2007,440000
810,518.0,0,210,1,1940.0,1328,2,57.0,0.0,172,4,686,1925,1950,107000
1268,0.0,196,252,1,1978.0,1268,3,,0.0,0,5,1268,1977,1989,143500
625,625.0,0,625,3,2006.0,1250,3,35.0,0.0,54,7,625,2006,2007,171900
1664,0.0,0,0,1,,1664,2,75.0,0.0,0,5,0,1965,1965,100000
708,708.0,404,776,2,1968.0,1416,2,90.0,420.0,169,6,708,1968,1968,179900
1260,1031.0,1046,506,1,1900.0,2291,2,60.0,0.0,0,6,1214,1910,1998,133900
1710,0.0,0,550,1,2004.0,1710,3,43.0,108.0,48,7,1710,2004,2005,240000
616,0.0,616,205,1,1921.0,616,2,50.0,0.0,0,5,616,1921,1950,89000
1050,0.0,915,368,1,1961.0,1050,2,,0.0,319,5,1050,1961,1961,136500
1252,0.0,429,564,2,1960.0,1252,2,,0.0,0,6,1602,1960,1975,235000
990,0.0,746,480,1,2000.0,990,2,60.0,0.0,64,5,990,1994,1995,138000
1078,0.0,49,240,1,1950.0,1078,3,68.0,0.0,0,5,1078,1950,1996,142125
976,1111.0,568,444,3,1966.0,2087,3,,157.0,168,6,832,1966,2007,187500
1429,0.0,594,572,1,1960.0,1429,3,,85.0,110,6,1144,1960,1987,181900
1032,0.0,0,672,1,1999.0,1812,3,76.0,0.0,0,5,360,1900,1996,140000
1138,0.0,507,264,1,1958.0,1138,2,65.0,63.0,0,6,588,1958,1958,145000
1484,0.0,998,487,1,1971.0,1484,2,70.0,0.0,0,5,1484,1971,1971,175000
1557,0.0,0,420,3,2003.0,1557,3,,18.0,20,7,1374,2003,2004,234000
1196,0.0,197,440,1,1957.0,1196,2,40.0,0.0,0,4,1196,1916,1990,109900
864,0.0,521,624,1,1964.0,864,2,70.0,0.0,0,5,864,1958,1958,129900
1056,0.0,480,260,1,1954.0,1056,2,80.0,0.0,0,5,1056,1954,2005,139400
1203,1323.0,740,844,1,1994.0,2526,3,92.0,391.0,78,8,1165,1994,1994,290000
1145,0.0,16,397,3,2005.0,1145,3,43.0,11.0,16,7,1145,2005,2006,160200
1092,0.0,170,288,1,1962.0,1092,2,,116.0,20,5,1092,1962,1962,139000
768,664.0,0,360,1,1910.0,1432,2,60.0,0.0,0,5,264,1910,2002,132000
1392,0.0,1040,458,2,1957.0,1392,2,80.0,387.0,0,6,1392,1957,1957,166000
728,728.0,0,390,3,2005.0,1456,3,65.0,0.0,24,6,728,2005,2006,163990
1053,0.0,806,312,2,1959.0,1053,3,72.0,54.0,0,5,1053,1959,2006,145500
1440,1440.0,256,0,1,,3395,1,60.0,0.0,110,6,1440,1914,1995,200000
1287,0.0,72,576,3,1997.0,1287,3,,0.0,17,5,1063,1959,2006,162000
778,0.0,403,924,1,1966.0,778,2,71.0,0.0,25,5,740,1940,1955,120500
525,0.0,0,264,1,1971.0,1092,2,21.0,381.0,0,6,525,1971,1971,88000
747,0.0,0,528,1,1953.0,747,2,52.0,108.0,0,4,600,1926,1953,79900
847,886.0,0,433,3,2003.0,1733,3,,0.0,48,7,847,2003,2003,225000
1646,0.0,0,870,2,2007.0,1646,3,67.0,274.0,80,8,1638,2006,2007,248900
1518,631.0,1351,670,2,2003.0,2149,3,48.0,0.0,43,7,1434,2003,2003,239686
1582,0.0,812,390,1,1964.0,1582,2,,621.0,198,5,1624,1964,1964,190000
916,826.0,216,424,1,1925.0,1742,3,121.0,0.0,169,8,916,1882,1986,168000
1040,0.0,633,648,1,1963.0,1040,2,94.0,0.0,0,4,1064,1963,1963,132250
912,0.0,456,275,2,1958.0,912,2,70.0,1.0,0,5,912,1958,1958,114500
1145,0.0,655,836,2,2000.0,2198,3,84.0,350.0,84,8,1145,2000,2000,250000
1680,0.0,0,528,1,1976.0,1680,2,,164.0,0,5,1680,1976,1976,136905
1968,1479.0,192,1014,1,1982.0,3447,3,,632.0,12,8,728,1935,1997,381000
926,0.0,234,484,1,1974.0,1316,2,50.0,0.0,0,5,926,1929,2001,130000
990,1611.0,0,621,2,1998.0,2601,2,51.0,0.0,0,5,612,1921,1998,189000
765,600.0,765,440,1,1970.0,1365,2,24.0,312.0,36,5,765,1970,1970,125000
1258,0.0,0,648,3,2007.0,1258,3,53.0,72.0,16,7,1258,2006,2007,172500
1574,0.0,24,824,2,2006.0,1574,3,75.0,53.0,104,8,1574,2006,2006,232000
1096,0.0,75,299,3,1969.0,1096,2,,0.0,32,5,1096,1969,1969,138800
483,504.0,330,264,1,1973.0,987,2,21.0,158.0,0,6,483,1973,1973,100000
976,732.0,0,380,1,2004.0,1708,3,32.0,117.0,40,7,976,2004,2004,130000
1675,1818.0,0,870,1,2003.0,3493,3,87.0,0.0,0,7,1470,1880,2002,295000
1080,672.0,427,492,2,1988.0,1752,2,152.0,0.0,12,8,559,1988,2005,164000
2036,0.0,1236,513,2,1965.0,2036,2,150.0,0.0,0,7,2136,1965,1965,375000
896,448.0,0,240,1,1936.0,1344,2,,0.0,114,5,896,1936,1950,115000
576,533.0,349,288,1,1971.0,1109,2,70.0,82.0,0,5,372,1971,2005,139000
794,676.0,182,388,3,1997.0,1470,2,,0.0,75,6,794,1997,1997,177000
952,0.0,852,840,1,1988.0,952,2,60.0,0.0,0,5,952,1951,1951,139000
1680,0.0,808,540,3,1988.0,1680,3,,260.0,44,6,880,1988,2007,222000
1516,0.0,196,472,2,1964.0,1516,2,100.0,180.0,0,6,1516,1964,1964,167000
1734,0.0,1004,928,1,2007.0,1734,4,93.0,328.0,0,8,1734,2007,2007,318000
1502,0.0,368,528,2,1985.0,1502,3,,0.0,54,8,1488,1985,1985,212000
764,862.0,567,474,2,2003.0,1626,3,36.0,106.0,27,7,764,2003,2004,173000
756,713.0,0,216,1,1906.0,1469,2,60.0,0.0,0,6,756,1906,1995,135000
1112,438.0,812,438,3,2007.0,1550,3,65.0,100.0,168,7,1092,2006,2007,241000
1368,0.0,0,474,1,2005.0,1368,3,40.0,94.0,35,7,1368,2005,2006,202665
1249,1347.0,0,840,2,2006.0,2596,3,111.0,370.0,154,9,1249,2006,2006,342643
1339,0.0,504,294,1,1958.0,1339,2,70.0,0.0,0,5,1029,1958,1965,139000
1195,644.0,0,486,3,1998.0,1839,2,58.0,30.0,81,7,1195,1998,1998,221000
1132,1320.0,0,691,1,2004.0,2452,3,108.0,132.0,32,8,1117,2004,2005,309000
807,702.0,0,393,3,2003.0,1509,3,63.0,0.0,75,7,783,2003,2003,180000
1434,0.0,20,527,2,2001.0,1434,3,65.0,0.0,39,7,1454,2001,2001,189000
1294,0.0,1200,496,1,1991.0,1294,3,,88.0,51,6,1278,1991,1991,179200
840,840.0,0,308,1,1960.0,1680,2,63.0,0.0,0,6,840,1915,1976,177000
936,785.0,814,471,1,1994.0,1721,3,70.0,105.0,87,6,928,1994,1994,201000
864,0.0,600,576,1,1980.0,864,2,,0.0,0,4,864,1972,1972,111250
757,0.0,549,440,1,1999.0,1501,2,24.0,360.0,0,7,744,1999,1999,179400
1422,915.0,0,560,1,1945.0,2337,2,85.0,0.0,57,5,662,1900,1950,90000
1872,0.0,929,604,1,1988.0,1872,2,80.0,102.0,39,7,1845,1988,1988,241500
1530,0.0,1300,630,3,2004.0,1530,3,182.0,0.0,36,7,1530,2004,2004,259000
742,742.0,0,0,1,,1484,2,35.0,0.0,291,6,742,1914,2001,128000
630,0.0,515,286,1,1970.0,630,3,21.0,0.0,0,4,630,1970,2002,86000
1200,0.0,0,312,1,1923.0,1200,2,84.0,0.0,0,6,1200,1923,1950,125000
1542,1330.0,896,619,3,1977.0,2872,2,,424.0,282,6,1330,1977,1995,272000
1445,0.0,564,645,2,1964.0,1445,2,,115.0,0,6,1127,1964,1964,158000
1116,0.0,0,440,1,1962.0,1116,2,87.0,261.0,0,6,1116,1962,1962,160000
1190,900.0,828,577,3,1984.0,2090,3,,0.0,0,7,1190,1984,1984,207500
943,0.0,943,600,1,1979.0,943,2,,0.0,0,5,943,1979,1979,135960
1160,448.0,264,216,1,1925.0,1608,3,51.0,0.0,16,6,976,1925,1990,137450
1296,0.0,0,516,1,1967.0,1296,2,72.0,0.0,0,4,0,1967,1967,90000
840,0.0,116,0,1,,840,2,55.0,0.0,0,5,672,1930,1950,87000
1098,880.0,552,486,2,1968.0,1978,2,,342.0,43,7,832,1968,1968,176000
999,0.0,867,588,2,1961.0,999,4,,210.0,76,7,944,1961,2007,178400
958,0.0,958,440,2,1976.0,958,2,,0.0,60,6,958,1976,1976,143750
1549,1178.0,297,440,1,1932.0,2727,3,70.0,0.0,74,8,853,1932,1994,315000
1167,0.0,645,495,1,1972.0,1167,2,98.0,0.0,0,5,915,1920,1950,144000
1020,831.0,536,440,2,1964.0,1851,3,80.0,340.0,42,6,822,1964,1993,187000
1252,0.0,0,528,1,1960.0,1252,3,80.0,243.0,39,6,1252,1959,1959,142000
672,0.0,0,0,1,,912,2,52.0,0.0,0,4,0,1947,1950,80500
1040,0.0,732,576,1,2000.0,1040,3,82.0,0.0,0,5,1040,1996,1996,152000
769,756.0,436,440,1,2000.0,1525,3,,456.0,0,6,756,2000,2000,177000
1210,1242.0,281,683,3,1998.0,2452,3,66.0,0.0,50,8,1028,1998,1999,267000
3228,0.0,1231,546,1,1992.0,3228,3,,0.0,75,8,3200,1992,1993,430000
1166,0.0,655,400,3,2005.0,1166,3,59.0,182.0,0,7,856,2005,2005,190000
1168,678.0,196,315,1,1949.0,1846,2,78.0,320.0,0,6,1040,1949,1950,143000
1074,0.0,788,495,2,1975.0,1074,2,78.0,0.0,88,5,1056,1975,1975,153500
1277,1067.0,0,889,2,1996.0,2344,3,79.0,921.0,0,7,1264,1996,1997,265000
893,0.0,220,576,1,1985.0,893,3,60.0,0.0,0,5,845,1949,2003,135000
1493,0.0,994,508,3,1997.0,1493,3,75.0,215.0,39,6,1478,1997,1998,208900
774,1194.0,0,680,3,2009.0,1968,4,92.0,84.0,75,8,774,2009,2010,269500
1004,0.0,578,480,3,1970.0,1004,2,,180.0,0,6,1004,1970,1970,149000
1002,454.0,0,280,1,1954.0,1456,2,50.0,0.0,0,5,810,1948,1950,91500
915,720.0,300,440,1,1950.0,1635,2,70.0,0.0,38,6,1065,1923,1950,210000
912,546.0,0,330,1,1948.0,1458,2,78.0,0.0,0,6,912,1948,1950,97500
1224,0.0,883,402,3,1999.0,1224,2,,425.0,304,6,1224,1999,1999,165000
1506,0.0,16,440,1,2005.0,1506,3,43.0,145.0,20,7,1362,2005,2005,213490
2136,0.0,756,528,1,1951.0,2136,2,89.0,44.0,30,5,2136,1951,1951,137900
696,720.0,604,484,1,1999.0,1416,3,24.0,0.0,44,7,696,1999,1999,155000
2633,0.0,1282,804,2,2001.0,2633,4,,705.0,140,10,2633,2001,2002,466500
1468,0.0,0,898,3,2008.0,1468,3,74.0,72.0,150,8,1468,2008,2009,244600
773,0.0,570,240,1,1953.0,773,2,57.0,0.0,0,5,773,1953,1953,110000
630,672.0,0,280,1,1991.0,1302,2,21.0,142.0,0,5,630,1971,1971,112000
900,0.0,234,576,1,2005.0,900,3,60.0,0.0,32,5,900,1951,2000,134800
904,0.0,0,180,1,1926.0,904,2,50.0,0.0,0,6,884,1926,2004,119000
1844,0.0,1110,540,2,1969.0,1844,3,,312.0,73,6,1844,1969,1969,223000
1555,0.0,16,430,3,2005.0,1555,3,43.0,16.0,20,7,1373,2005,2006,192500
1297,0.0,1213,498,3,1954.0,1297,2,74.0,650.0,0,5,1297,1954,1990,153000
1088,441.0,0,240,1,1945.0,1529,2,50.0,0.0,0,4,0,1945,1950,98000
1733,0.0,0,452,1,1955.0,1733,2,,0.0,0,3,0,1955,1955,139600
832,878.0,426,506,2,1993.0,1710,3,76.0,120.0,70,6,832,1993,1993,187000
1140,728.0,0,477,3,1984.0,1868,2,78.0,74.0,112,6,585,1984,2003,178000
1126,0.0,936,484,2,1977.0,1126,2,80.0,0.0,41,5,1126,1977,1977,160000
551,551.0,239,480,1,2004.0,1102,3,,0.0,60,7,551,2004,2004,148800
1172,741.0,0,342,1,1929.0,1913,2,57.0,0.0,0,6,896,1928,1950,177000
1567,0.0,1154,648,3,2006.0,1567,4,53.0,0.0,0,8,1520,2006,2006,264561
1050,0.0,504,338,1,1956.0,1050,2,80.0,0.0,0,5,1050,1956,1956,128900
1580,0.0,0,830,2,2008.0,1580,3,92.0,186.0,24,8,1580,2007,2008,235128
1314,0.0,936,552,2,2009.0,1314,3,72.0,72.0,112,8,1300,2009,2009,229456
1584,1208.0,493,520,1,1920.0,2792,2,60.0,0.0,547,6,1510,1920,1950,256000
616,1072.0,462,603,2,1997.0,1688,3,79.0,0.0,114,6,616,1997,1997,200000
1232,0.0,660,516,1,1984.0,1232,2,,0.0,0,6,1232,1984,1984,162500
561,668.0,285,462,3,1980.0,1229,2,24.0,0.0,0,6,561,1980,1980,124000
1014,685.0,440,420,1,1920.0,1699,2,107.0,0.0,74,3,978,1900,1970,95000
936,0.0,0,576,1,1974.0,936,2,60.0,0.0,32,4,936,1953,1953,93000
847,1101.0,0,434,1,2004.0,1948,3,41.0,0.0,48,7,847,2004,2005,195000
1462,0.0,1170,738,3,2004.0,2224,4,74.0,216.0,0,9,1462,2004,2005,350000
1001,1001.0,284,871,1,1949.0,2002,2,82.0,0.0,0,5,1001,1949,1950,145000
1097,896.0,416,495,2,1971.0,1993,2,,252.0,66,6,825,1971,1971,190000
920,941.0,700,492,2,2002.0,1861,3,95.0,0.0,91,7,916,2002,2002,200000
1041,0.0,991,270,2,1959.0,1041,2,80.0,132.0,88,5,1041,1959,1959,124500
986,0.0,0,180,1,1926.0,986,2,60.0,0.0,128,6,960,1926,1950,102000
1405,0.0,0,478,2,2003.0,1405,3,,163.0,36,7,1405,2003,2003,171750
1226,0.0,0,740,2,2009.0,1226,3,94.0,0.0,36,7,1226,2009,2009,198900
838,0.0,210,275,3,1961.0,838,1,55.0,0.0,0,6,816,1918,2000,130000
864,0.0,203,200,1,1938.0,864,2,45.0,0.0,0,3,864,1914,1950,58500
1006,0.0,288,0,1,,1006,2,,0.0,24,5,1006,1959,1959,80000
1842,0.0,1810,894,3,1981.0,1842,3,68.0,0.0,72,9,1842,1981,1987,385000
1710,0.0,1400,866,2,2007.0,1710,3,107.0,436.0,102,8,1710,2007,2008,372402
1165,0.0,0,420,3,1998.0,2263,3,93.0,650.0,123,8,1141,1998,1998,258000
1246,1044.0,0,560,1,1971.0,2290,2,60.0,0.0,0,4,777,1885,1950,122500
1100,0.0,419,312,2,1960.0,1100,2,,0.0,0,4,1100,1960,1960,141000
2117,0.0,865,550,3,1970.0,2117,2,,0.0,42,6,1205,1970,1970,237500
960,0.0,0,288,1,1956.0,960,2,,0.0,0,4,672,1956,1956,112000
1022,752.0,0,468,1,1931.0,1774,2,51.0,0.0,0,7,952,1931,1950,129900
1082,0.0,336,240,1,1948.0,1082,2,60.0,206.0,130,6,1082,1948,1950,119200
1122,0.0,144,528,1,1948.0,1122,3,100.0,0.0,36,5,924,1948,2005,147000
1338,0.0,616,582,3,2001.0,1338,3,41.0,0.0,0,8,1338,2001,2001,213500
888,868.0,742,422,3,1996.0,1756,2,,42.0,122,6,872,1996,1997,204000
1302,0.0,270,309,2,1964.0,1302,3,85.0,108.0,0,6,1302,1964,1991,158000
951,0.0,285,327,1,1936.0,951,2,50.0,0.0,28,4,951,1936,1950,106500
483,504.0,309,264,1,1973.0,987,2,21.0,408.0,0,6,483,1973,1973,83000
1090,0.0,980,450,3,2005.0,1090,2,60.0,0.0,49,5,1090,2005,2006,157000
984,620.0,408,660,1,1977.0,1604,2,60.0,0.0,68,5,984,1941,1960,117000
756,756.0,420,440,1,2000.0,1512,3,,513.0,32,6,756,2000,2000,168500
972,605.0,0,312,1,1939.0,1577,1,65.0,0.0,0,6,972,1939,1950,140200
1516,651.0,125,518,2,1974.0,2167,3,,0.0,47,7,1192,1974,2003,294000
1212,0.0,506,492,1,1978.0,1212,2,88.0,46.0,12,6,506,1977,1995,151000
969,0.0,716,440,1,1975.0,969,2,120.0,0.0,0,5,969,1975,1975,122000
1072,0.0,459,525,1,2005.0,1072,2,35.0,80.0,28,6,547,2005,2005,148000
1518,0.0,1218,588,2,2003.0,1518,4,62.0,472.0,140,8,1518,2003,2004,274000
1188,0.0,593,312,1,1962.0,1188,2,,189.0,39,5,1188,1962,1962,157900
1026,932.0,0,936,3,2005.0,1958,3,85.0,0.0,210,7,1026,2005,2005,250000
1069,0.0,559,440,2,1977.0,1069,2,53.0,0.0,55,6,1069,1977,1977,140000
1788,0.0,0,522,2,2001.0,1788,4,,0.0,151,8,1753,2001,2001,236500
1766,648.0,664,520,1,1970.0,2414,2,60.0,0.0,0,5,954,1900,1970,160000
720,0.0,0,287,1,1955.0,720,2,,0.0,0,3,0,1949,1950,72500
1261,0.0,662,433,2,1958.0,1261,2,76.0,0.0,0,6,1261,1958,1958,163000
875,0.0,209,180,1,1931.0,875,2,51.0,0.0,0,5,715,1931,1993,105000
672,0.0,0,240,1,1940.0,672,2,60.0,0.0,0,5,672,1940,1997,108000
980,0.0,945,0,1,,980,2,35.0,250.0,0,6,945,1975,1975,127500
694,0.0,0,936,1,1998.0,1214,2,60.0,0.0,0,3,672,1915,1950,105000
1486,0.0,637,480,3,1968.0,1486,2,75.0,0.0,0,5,1486,1964,1999,167000
849,811.0,326,240,1,1939.0,1660,2,74.0,0.0,0,6,715,1934,1995,188700
1217,0.0,611,497,1,1990.0,1217,3,,0.0,27,7,1188,1990,1991,173000
860,704.0,275,234,1,1941.0,1564,1,75.0,0.0,0,7,704,1941,1950,174500
788,702.0,724,388,3,2004.0,1490,3,60.0,0.0,75,7,788,2004,2005,184000
1940,1254.0,428,380,1,1934.0,3194,2,78.0,0.0,0,8,965,1934,1998,359100
1501,0.0,679,577,2,1999.0,1501,3,78.0,183.0,29,7,1490,1999,1999,204000
660,660.0,0,400,3,2003.0,1320,3,,0.0,48,7,660,2003,2003,162000
1276,1336.0,854,676,3,1998.0,2612,3,98.0,975.0,0,8,1225,1998,1999,336000
1360,1360.0,1036,795,1,1918.0,3112,3,174.0,0.0,16,8,1360,1918,1990,235000
954,795.0,0,440,1,1997.0,2230,2,60.0,0.0,188,4,795,1912,1950,118500
1156,866.0,392,505,3,1977.0,2022,2,83.0,299.0,117,7,1160,1977,1977,192000
1468,795.0,795,539,3,1977.0,2263,3,,34.0,250,7,795,1977,1994,235000
955,0.0,0,462,3,1998.0,1632,2,63.0,0.0,28,7,935,1998,1998,176500
1288,0.0,786,500,3,1996.0,1288,4,38.0,0.0,30,8,1260,1996,1996,245500
1080,0.0,570,288,1,1958.0,1080,2,75.0,135.0,0,6,1080,1958,1958,136000
1700,0.0,340,544,2,2003.0,1700,3,70.0,120.0,23,6,1682,2003,2003,200000
865,445.0,617,398,1,1924.0,1310,2,50.0,0.0,0,6,617,1924,1950,112000
1067,0.0,442,436,1,1996.0,1067,3,60.0,0.0,0,4,1067,1950,1995,128000
908,1020.0,0,440,1,1910.0,1928,1,69.0,0.0,60,6,1020,1910,1950,137000
1392,1392.0,790,564,2,1978.0,2784,3,80.0,184.0,112,7,1392,1978,1978,250000
1108,989.0,975,583,2,1998.0,2097,3,75.0,0.0,170,7,1108,1998,1998,274300
816,0.0,538,432,1,2002.0,816,2,,0.0,0,6,816,1930,2007,120500
1079,874.0,985,501,3,1992.0,1953,3,,0.0,231,6,1580,1992,1992,240000
1659,0.0,1158,499,3,2000.0,1659,4,40.0,0.0,59,8,1501,2000,2000,278000
1779,0.0,306,454,1,1955.0,1779,2,102.0,0.0,418,5,1763,1955,1974,170000
1248,0.0,16,438,3,2005.0,1248,3,43.0,16.0,0,7,1248,2005,2006,167240
1057,872.0,738,650,3,2001.0,1929,3,,0.0,235,7,1057,2001,2001,226000
1262,0.0,978,460,2,1976.0,1262,2,80.0,0.0,0,6,1262,1976,1976,181500
1282,1414.0,984,792,1,2007.0,2696,4,77.0,220.0,184,7,1264,2007,2007,383970
894,0.0,553,336,1,1973.0,894,2,65.0,0.0,144,5,894,1965,2009,138500
1221,691.0,0,672,1,2003.0,1912,2,60.0,0.0,25,6,482,1905,2000,163000
965,0.0,641,300,1,1979.0,965,2,60.0,0.0,0,5,828,1965,1965,119900
912,912.0,0,0,1,,1824,2,94.0,0.0,0,6,912,1971,1971,139000
1787,0.0,0,748,2,2001.0,1787,3,,178.0,150,8,1753,2001,2002,275000
1440,0.0,133,0,1,,1440,1,92.0,270.0,0,4,1440,1955,1955,118000
1032,220.0,280,288,1,1950.0,1252,2,80.0,0.0,0,6,1032,1950,1950,119000
1987,0.0,1314,691,3,1994.0,1987,3,91.0,554.0,36,8,1986,1994,1994,301500
1181,0.0,920,588,2,1974.0,1181,2,90.0,0.0,0,4,1138,1972,1972,137500
962,830.0,0,451,3,2000.0,1792,2,93.0,318.0,0,6,936,2000,2000,186500
864,0.0,0,0,1,,864,2,56.0,0.0,96,5,864,1922,1950,99900
1128,0.0,776,525,2,1963.0,1128,2,80.0,148.0,20,5,1120,1963,1963,155000
1088,871.0,0,1025,2,2006.0,1959,3,75.0,0.0,46,8,1088,2006,2006,270000
1051,788.0,0,442,1,1966.0,1839,2,70.0,351.0,124,6,756,1966,1966,155000
904,0.0,0,408,1,1966.0,904,2,,41.0,0,5,876,1966,1966,109900
1040,0.0,532,484,1,1977.0,1040,3,61.0,0.0,0,5,1040,1977,2008,150500
918,0.0,0,264,1,1979.0,918,2,55.0,0.0,0,6,918,1979,1979,99500
1520,0.0,674,364,2,1955.0,1520,2,80.0,164.0,0,6,1156,1955,1972,153000
1411,0.0,822,544,3,1977.0,1411,2,85.0,209.0,0,7,1386,1977,1977,82500
1134,924.0,319,396,1,1950.0,2058,2,60.0,0.0,0,6,735,1917,1950,129500
1575,626.0,0,432,1,1966.0,2201,3,,0.0,236,6,697,1966,1966,274970
760,896.0,0,397,3,2003.0,1656,3,60.0,92.0,128,7,746,2003,2004,165400
1494,0.0,1443,514,2,1998.0,1494,3,,0.0,25,7,1482,1998,1998,215000
888,676.0,0,476,1,1980.0,1564,2,70.0,130.0,50,6,650,1980,1981,171000
981,0.0,282,576,1,1979.0,981,2,,0.0,312,6,981,1971,1971,143250
900,602.0,0,180,1,1923.0,1502,3,55.0,0.0,0,6,602,1923,1996,165000
1092,0.0,895,299,3,1957.0,1092,2,69.0,0.0,0,5,1092,1957,1957,141000
848,672.0,182,281,1,1968.0,1520,2,55.0,0.0,0,5,793,1932,2000,159434
1320,0.0,328,564,1,1966.0,1320,2,96.0,97.0,68,5,1164,1966,1966,164500
1836,0.0,1039,862,3,2004.0,1836,3,107.0,42.0,185,8,1836,2004,2005,280000
964,925.0,0,308,1,1960.0,1889,2,60.0,0.0,0,7,925,1910,1950,122000
1130,0.0,821,720,1,1970.0,1130,2,60.0,0.0,0,5,1120,1920,1950,120000
1383,1015.0,719,834,3,1996.0,2398,3,95.0,594.0,60,7,1379,1996,1997,315750
1096,895.0,297,432,1,1977.0,1991,2,,480.0,0,6,854,1932,1950,220000
1838,0.0,1260,765,1,2006.0,1838,4,85.0,584.0,68,9,1838,2006,2006,315000
663,689.0,371,299,3,1969.0,1352,2,80.0,143.0,36,6,663,1969,1969,158000
1720,0.0,919,527,3,1996.0,1720,3,59.0,338.0,56,7,1720,1996,1996,260400
858,858.0,319,490,3,1962.0,1716,2,70.0,318.0,84,6,858,1962,1962,171000
999,0.0,588,264,1,1963.0,999,3,,0.0,132,5,999,1962,2001,132500
680,790.0,310,420,3,1993.0,1470,2,,68.0,63,6,680,1993,1993,185000
1132,0.0,1024,451,3,2005.0,1132,3,60.0,0.0,64,4,1132,2005,2005,176000
1163,511.0,0,396,3,1955.0,1674,2,66.0,0.0,36,6,1163,1918,1950,185000
1337,0.0,266,511,3,1998.0,1337,3,34.0,0.0,68,6,1405,1998,1999,181000
1349,0.0,0,539,1,2000.0,1349,2,65.0,108.0,55,7,1349,2000,2001,179000
1148,0.0,1148,672,1,1959.0,1148,2,70.0,0.0,0,5,1148,1959,1959,132500
918,765.0,226,440,2,1978.0,1683,2,70.0,92.0,0,6,918,1978,1978,172500
798,546.0,0,0,1,,1344,2,21.0,0.0,0,4,546,1970,2008,97000
1696,0.0,0,349,1,1962.0,1696,2,40.0,0.0,30,5,1140,1962,1962,143900
882,0.0,0,294,2,1959.0,882,2,,0.0,0,5,0,1959,1959,106500
1086,809.0,0,409,3,1994.0,1895,3,,0.0,46,7,712,1994,1996,194500
894,0.0,0,308,1,1962.0,894,2,60.0,0.0,0,5,894,1962,1962,109500
876,936.0,540,264,2,1962.0,1812,2,69.0,288.0,168,5,864,1962,1962,169500
980,734.0,394,496,1,1988.0,1714,2,80.0,42.0,66,7,980,1988,1988,196500
1114,0.0,814,576,1,2004.0,1114,3,66.0,0.0,78,6,1114,2003,2004,155000
1689,0.0,0,954,2,2007.0,1689,3,83.0,0.0,56,7,1689,2007,2007,248328
968,408.0,368,240,1,1941.0,1376,2,79.0,0.0,0,5,768,1941,1950,105000
2000,704.0,1410,538,3,1972.0,2704,4,75.0,0.0,111,8,1952,1972,1995,345000
1299,573.0,990,531,2,2001.0,1872,4,,108.0,122,8,1299,2001,2001,261500
858,0.0,696,0,1,,858,2,50.0,0.0,0,5,858,1958,2008,116500
864,0.0,375,660,1,1989.0,864,3,60.0,0.0,0,4,864,1970,1970,120500
1668,0.0,1059,702,1,2002.0,1668,3,90.0,215.0,45,9,1626,2002,2002,285000
835,0.0,108,366,1,1920.0,835,2,85.0,0.0,0,5,458,1920,1950,83000
1128,0.0,812,286,1,1954.0,1128,2,75.0,0.0,0,5,936,1954,1954,118000
1166,0.0,0,240,1,1936.0,1639,2,51.0,0.0,0,6,1064,1936,1950,115000
1214,0.0,698,461,1,1965.0,1214,2,70.0,0.0,0,5,1214,1965,1965,140000
829,727.0,298,441,1,1968.0,1556,2,78.0,0.0,0,6,727,1968,1968,154000
1364,0.0,659,484,2,2005.0,1364,3,43.0,240.0,36,7,1364,2005,2005,185850
993,1243.0,0,642,3,1997.0,2236,3,,285.0,0,7,964,1997,1997,222000
1004,0.0,975,504,1,1977.0,1004,2,78.0,90.0,0,6,975,1977,1977,135000
1121,0.0,0,440,2,2003.0,1121,2,80.0,0.0,64,4,1121,2003,2004,140000
1721,0.0,570,440,2,1968.0,1721,2,78.0,0.0,96,5,1461,1968,1993,180000
1316,0.0,0,440,3,2007.0,1316,3,103.0,0.0,20,7,1316,2007,2007,200141
1324,0.0,643,440,1,1965.0,1324,2,84.0,101.0,138,6,1088,1965,1965,160000
1360,0.0,1036,565,2,1984.0,1360,3,,0.0,0,8,1220,1984,1984,187500
1194,0.0,0,312,2,1959.0,1194,2,73.0,220.0,0,6,1194,1959,1959,148000
1856,0.0,1445,834,3,2010.0,1856,4,88.0,350.0,0,9,1856,2010,2010,394432
900,0.0,450,280,1,1970.0,900,2,,31.0,0,5,882,1967,1967,122000
756,378.0,312,240,1,1940.0,1134,2,60.0,0.0,0,5,756,1940,1950,126000
804,1157.0,690,560,3,2001.0,1961,3,71.0,0.0,192,6,804,2001,2002,215000
816,0.0,816,816,3,1985.0,816,2,60.0,0.0,0,5,816,1982,2003,138000
894,0.0,492,450,1,1968.0,894,2,109.0,0.0,0,5,894,1968,1968,129000
546,546.0,334,286,2,1973.0,1092,2,,0.0,96,4,546,1973,1973,83500
1094,0.0,500,495,1,1953.0,1094,2,85.0,216.0,0,6,1094,1953,1953,155000
1811,0.0,296,470,3,1956.0,1811,4,90.0,0.0,0,6,1073,1956,2004,230000
694,600.0,0,0,1,,1294,2,60.0,0.0,114,4,0,1900,2000,106250
1057,977.0,739,645,2,1998.0,2034,3,,573.0,36,7,1057,1997,1998,219500
1253,0.0,733,352,2,1960.0,1253,2,,212.0,213,6,1253,1960,1960,157000
1298,1216.0,1216,693,3,1990.0,2514,2,,0.0,0,7,1216,1990,1991,250000
1154,0.0,740,480,2,1966.0,1154,2,,200.0,58,5,1154,1966,1966,154000
728,728.0,0,429,2,2006.0,1456,2,105.0,0.0,0,6,728,2006,2006,172785
1007,793.0,0,463,3,2000.0,1800,2,60.0,16.0,63,6,982,2000,2000,179000
808,704.0,0,180,1,1916.0,1656,2,60.0,0.0,0,5,660,1916,1987,135000
1268,1097.0,1163,856,1,1999.0,2365,3,82.0,673.0,128,8,1252,1999,1999,337000
1436,0.0,946,484,1,2004.0,1436,3,65.0,266.0,98,7,1436,2004,2004,210000
1062,0.0,539,539,2,1976.0,1062,2,,0.0,0,6,1029,1976,1976,146800
1096,370.0,626,566,1,1950.0,1466,3,60.0,0.0,21,5,796,1936,1989,170000
1155,0.0,899,576,1,1987.0,1155,3,88.0,0.0,0,5,1109,1961,1995,148000
1536,0.0,810,532,2,2002.0,1536,3,70.0,113.0,74,7,1536,2002,2003,214000
971,0.0,523,300,1,1969.0,971,2,69.0,0.0,0,5,971,1969,1969,128500
1003,0.0,819,588,1,1984.0,1003,2,37.0,0.0,0,6,1003,1984,1984,142500
1504,0.0,690,478,3,1996.0,1504,3,73.0,196.0,66,7,1504,1996,1996,203000
928,992.0,220,400,1,1948.0,1920,2,95.0,567.0,0,5,928,1948,1950,137000
1242,0.0,916,528,1,1973.0,1242,2,80.0,320.0,0,7,1242,1973,1973,175500
1188,1152.0,275,252,2,1941.0,2340,3,66.0,0.0,60,7,1152,1941,2006,266500
1661,0.0,0,598,2,1998.0,1661,3,48.0,442.0,34,7,1649,1998,1998,224900
1113,0.0,751,504,2,1987.0,1113,2,,174.0,30,6,1143,1976,1976,148000
774,456.0,384,305,1,1946.0,1230,2,51.0,0.0,57,4,747,1946,1950,121600
1279,0.0,641,473,1,1980.0,1279,2,75.0,0.0,83,6,1196,1977,1977,171500
1572,1096.0,1016,726,3,2003.0,2668,4,110.0,664.0,0,9,1572,2003,2004,412500
848,0.0,152,539,1,1962.0,1208,2,52.0,0.0,23,4,780,1925,1950,103000
1310,0.0,24,400,3,2005.0,1310,3,65.0,0.0,0,7,1310,2005,2005,164990
1264,1312.0,0,666,3,2006.0,2576,4,82.0,466.0,100,8,1234,2006,2006,361919
936,0.0,936,672,1,1980.0,936,2,60.0,180.0,0,5,936,1980,1980,140000
841,806.0,0,216,1,1920.0,1647,1,66.0,0.0,66,6,806,1915,1950,128000
1220,0.0,684,632,2,2006.0,1220,3,64.0,84.0,54,7,1199,2006,2006,194000
882,0.0,138,461,1,1980.0,882,2,70.0,0.0,0,5,882,1972,1972,112500
630,672.0,0,440,1,1970.0,1302,2,24.0,304.0,0,5,630,1970,1970,106000
1442,0.0,0,500,1,1990.0,1442,2,99.0,0.0,34,7,1424,1990,1990,180500
1561,0.0,1153,556,3,2005.0,1561,4,60.0,246.0,47,9,1561,2005,2005,277500
1204,0.0,866,412,1,1998.0,1204,2,32.0,320.0,247,6,1204,1998,1998,162000
689,689.0,141,360,1,1928.0,1378,3,60.0,0.0,0,7,689,1928,2005,161000
848,0.0,697,420,2,2004.0,848,3,,147.0,0,6,848,2004,2004,149300
1525,0.0,1400,541,2,2000.0,1525,3,70.0,244.0,36,7,1525,2000,2000,235000
1235,0.0,600,480,1,1961.0,1235,2,85.0,203.0,0,5,1235,1961,1961,98600
616,796.0,0,432,3,2007.0,1412,3,73.0,0.0,36,6,616,2006,2007,156932
1120,1120.0,0,528,1,1979.0,2240,2,64.0,0.0,0,5,0,1979,1979,142953
1166,1129.0,728,590,2,1992.0,2295,3,,0.0,40,7,1095,1992,2000,268000
1668,0.0,370,502,3,2003.0,1668,3,48.0,171.0,262,8,1657,2003,2003,232000
1614,0.0,20,865,2,2005.0,1614,3,86.0,240.0,59,7,1614,2005,2006,221500
866,0.0,329,0,1,,866,3,40.0,0.0,42,5,686,1945,1997,110500
1494,0.0,0,840,2,2006.0,1494,3,91.0,306.0,33,7,1494,2006,2007,279500
716,716.0,425,432,3,2004.0,1432,3,71.0,0.0,51,7,716,2004,2005,188500
1058,846.0,546,736,3,2003.0,1904,4,74.0,280.0,60,8,1058,2005,2005,275000
1125,0.0,631,352,1,1977.0,1125,2,72.0,255.0,0,6,1041,1976,1976,125000
1072,0.0,547,525,3,2005.0,1072,2,35.0,82.0,44,6,547,2005,2006,140000
1867,0.0,379,303,3,1955.0,1867,2,,0.0,0,5,1617,1955,1993,190000
810,672.0,156,400,1,1934.0,1482,1,,0.0,0,6,672,1925,1950,140000
1158,1218.0,0,853,2,2005.0,2376,3,101.0,380.0,154,8,1158,2005,2006,325300
1048,0.0,0,420,1,1950.0,1048,2,60.0,0.0,27,5,0,1950,1950,98300
902,918.0,454,492,1,1965.0,1820,3,,288.0,84,7,864,1965,1988,201800
520,600.0,0,480,2,2005.0,1200,3,30.0,0.0,166,7,600,2005,2005,151000
2018,0.0,0,746,3,2009.0,2018,4,89.0,0.0,76,9,2002,2008,2009,378500
996,0.0,290,0,1,,996,2,63.0,0.0,0,5,996,1940,1969,108000
848,0.0,686,420,3,2003.0,848,3,37.0,170.0,0,6,848,2003,2003,136500
874,887.0,0,578,3,2007.0,1761,3,84.0,0.0,105,7,874,2007,2007,227875
1057,0.0,417,576,3,1977.0,1057,2,70.0,0.0,0,5,1057,1962,1962,132000
1593,0.0,1153,682,3,2001.0,1593,4,41.0,0.0,120,8,1593,2001,2002,286000
673,709.0,641,490,1,2000.0,1382,3,,0.0,50,7,673,2000,2000,165000
1391,0.0,16,530,1,2004.0,1391,3,59.0,0.0,158,7,1391,2004,2004,196000
1363,0.0,650,288,1,1951.0,1363,2,75.0,70.0,42,5,1008,1951,2000,164900
1459,0.0,0,527,2,2002.0,1459,3,70.0,100.0,39,7,1459,2002,2002,192000
1652,0.0,1196,499,2,2000.0,1652,4,41.0,0.0,48,8,1494,2000,2000,251000
1026,0.0,505,576,1,1981.0,1026,2,,0.0,0,6,940,1978,1978,147000
1320,1320.0,0,864,1,1950.0,2640,3,65.0,0.0,0,7,1240,1880,2003,265979
798,842.0,0,520,2,2004.0,1640,3,65.0,0.0,45,6,798,2004,2004,173000
1108,0.0,0,280,1,1930.0,1108,3,57.0,0.0,0,7,637,1930,1950,139400
693,0.0,0,0,1,,693,1,153.0,0.0,20,4,693,1941,1950,52500
979,224.0,185,352,1,1950.0,1203,3,,161.0,0,5,709,1950,1950,110000
1572,0.0,1159,995,2,1963.0,1572,2,50.0,226.0,263,5,1572,1963,1963,186700
1560,0.0,0,573,3,2003.0,1560,3,129.0,0.0,150,7,1560,2003,2003,201000
979,979.0,484,492,1,1946.0,1958,2,82.0,423.0,0,6,979,1946,1950,145000
894,0.0,180,384,1,1966.0,894,2,99.0,0.0,0,5,894,1966,1966,125000
1269,0.0,24,430,3,2004.0,1269,3,43.0,16.0,20,8,1256,2004,2005,192000
1428,0.0,0,554,2,2008.0,1428,4,91.0,256.0,60,7,1417,2008,2008,227680
1932,0.0,1336,774,3,2008.0,1932,4,96.0,426.0,66,8,1932,2008,2008,394617
1684,0.0,28,564,2,2005.0,1684,4,63.0,616.0,72,9,1684,2005,2005,266000
1690,1589.0,1416,841,3,2003.0,3279,4,47.0,603.0,36,8,1650,2003,2003,538000
816,0.0,690,288,1,1958.0,816,2,67.0,0.0,0,4,816,1938,1958,100000
1216,941.0,445,487,1,1966.0,2157,3,88.0,309.0,66,7,924,1966,1966,226000
804,878.0,505,523,2,1998.0,1682,3,70.0,116.0,77,6,804,1998,1998,200500
698,0.0,0,0,1,,698,2,50.0,0.0,200,5,698,1947,2008,118000
1687,0.0,353,572,1,1966.0,1687,2,,0.0,0,5,747,1948,1950,160000
612,612.0,0,528,2,2009.0,1224,3,40.0,76.0,234,6,612,2009,2009,164500
1728,0.0,40,352,1,2002.0,1728,2,,84.0,0,5,1728,1964,1964,119000
1141,0.0,0,484,1,2005.0,1141,2,63.0,0.0,0,6,1141,2005,2005,142500
1277,0.0,778,526,1,1970.0,1277,2,85.0,0.0,0,7,1277,1970,1970,167000
772,351.0,0,264,1,1979.0,1123,2,50.0,0.0,0,4,732,1939,1950,100000
2524,0.0,1104,542,3,1981.0,2524,3,80.0,0.0,120,8,2524,1981,1981,278000
1314,0.0,24,440,2,2006.0,1314,3,78.0,0.0,22,6,1314,2006,2006,176432
1328,653.0,622,576,1,1981.0,1981,3,65.0,0.0,44,4,1122,1928,1950,135000
864,0.0,167,572,1,1957.0,864,2,60.0,0.0,0,5,864,1955,1990,115000
912,514.0,0,216,1,1925.0,1426,3,55.0,0.0,240,7,912,1918,1998,189950
1555,0.0,0,660,3,2007.0,1555,3,53.0,130.0,20,7,1373,2007,2007,174000
